worker_id,shift,friction_group,high_bonus,lag_high_bonus,posted_wage,hours,deliveries,earnings
1,1,high_adjustment_cost,1,0,1.2,6.456,15.569,18.683
1,2,high_adjustment_cost,0,1,1.0,6.5,15.147,15.147
1,3,high_adjustment_cost,0,0,1.0,6.157,14.96,14.96
1,4,high_adjustment_cost,1,0,1.2,6.759,17.376,20.851
1,5,high_adjustment_cost,1,1,1.2,6.352,15.094,18.113
1,6,high_adjustment_cost,0,1,1.0,6.269,15.169,15.169
1,7,high_adjustment_cost,0,0,1.0,6.595,15.848,15.848
1,8,high_adjustment_cost,1,0,1.2,6.443,15.627,18.752
1,9,high_adjustment_cost,1,1,1.2,6.31,15.9,19.08
1,10,high_adjustment_cost,0,1,1.0,6.361,15.843,15.843
1,11,high_adjustment_cost,0,0,1.0,6.233,14.655,14.655
1,12,high_adjustment_cost,1,0,1.2,7.078,16.753,20.104
1,13,high_adjustment_cost,1,1,1.2,6.419,15.134,18.161
1,14,high_adjustment_cost,0,1,1.0,6.459,15.541,15.541
1,15,high_adjustment_cost,0,0,1.0,6.333,15.149,15.149
1,16,high_adjustment_cost,1,0,1.2,6.966,16.598,19.918
2,1,low_adjustment_cost,0,0,1.0,5.189,13.259,13.259
2,2,low_adjustment_cost,1,0,1.2,5.64,15.624,18.749
2,3,low_adjustment_cost,0,1,1.0,4.929,12.801,12.801
2,4,low_adjustment_cost,1,0,1.2,5.443,14.933,17.92
2,5,low_adjustment_cost,0,1,1.0,5.004,14.193,14.193
2,6,low_adjustment_cost,1,0,1.2,5.848,14.592,17.51
2,7,low_adjustment_cost,0,1,1.0,4.777,14.041,14.041
2,8,low_adjustment_cost,1,0,1.2,5.787,15.213,18.256
2,9,low_adjustment_cost,0,1,1.0,5.046,14.322,14.322
2,10,low_adjustment_cost,1,0,1.2,5.75,14.73,17.676
2,11,low_adjustment_cost,0,1,1.0,5.032,13.07,13.07
2,12,low_adjustment_cost,1,0,1.2,5.536,13.924,16.709
2,13,low_adjustment_cost,0,1,1.0,4.889,13.193,13.193
2,14,low_adjustment_cost,1,0,1.2,5.461,14.517,17.42
2,15,low_adjustment_cost,0,1,1.0,5.126,13.759,13.759
2,16,low_adjustment_cost,1,0,1.2,5.917,15.549,18.659
3,1,high_adjustment_cost,0,0,1.0,5.69,13.871,13.871
3,2,high_adjustment_cost,0,0,1.0,5.745,14.634,14.634
3,3,high_adjustment_cost,1,0,1.2,5.941,15.506,18.607
3,4,high_adjustment_cost,1,1,1.2,5.629,14.835,17.802
3,5,high_adjustment_cost,0,1,1.0,5.747,15.243,15.243
3,6,high_adjustment_cost,0,0,1.0,5.938,14.871,14.871
3,7,high_adjustment_cost,1,0,1.2,5.934,15.765,18.918
3,8,high_adjustment_cost,1,1,1.2,6.032,14.815,17.778
3,9,high_adjustment_cost,0,1,1.0,5.631,14.487,14.487
3,10,high_adjustment_cost,0,0,1.0,5.444,13.901,13.901
3,11,high_adjustment_cost,1,0,1.2,5.824,15.863,19.036
3,12,high_adjustment_cost,1,1,1.2,5.568,14.268,17.121
3,13,high_adjustment_cost,0,1,1.0,5.296,13.935,13.935
3,14,high_adjustment_cost,0,0,1.0,5.675,14.987,14.987
3,15,high_adjustment_cost,1,0,1.2,6.124,15.71,18.852
3,16,high_adjustment_cost,1,1,1.2,5.559,14.977,17.972
4,1,low_adjustment_cost,1,0,1.2,6.256,15.615,18.738
4,2,low_adjustment_cost,1,1,1.2,6.379,15.621,18.746
4,3,low_adjustment_cost,1,1,1.2,6.33,15.946,19.135
4,4,low_adjustment_cost,1,1,1.2,6.053,15.779,18.935
4,5,low_adjustment_cost,1,1,1.2,6.218,15.813,18.976
4,6,low_adjustment_cost,1,1,1.2,6.639,15.653,18.783
4,7,low_adjustment_cost,1,1,1.2,6.588,15.881,19.057
4,8,low_adjustment_cost,1,1,1.2,6.335,15.964,19.157
4,9,low_adjustment_cost,1,1,1.2,6.265,15.853,19.024
4,10,low_adjustment_cost,1,1,1.2,6.49,15.65,18.779
4,11,low_adjustment_cost,1,1,1.2,6.03,15.335,18.402
4,12,low_adjustment_cost,1,1,1.2,6.373,15.894,19.072
4,13,low_adjustment_cost,1,1,1.2,6.225,14.699,17.639
4,14,low_adjustment_cost,1,1,1.2,6.31,15.075,18.09
4,15,low_adjustment_cost,1,1,1.2,6.443,15.808,18.97
4,16,low_adjustment_cost,1,1,1.2,6.199,16.072,19.286
5,1,high_adjustment_cost,1,0,1.2,6.049,14.997,17.996
5,2,high_adjustment_cost,0,1,1.0,5.516,14.287,14.287
5,3,high_adjustment_cost,0,0,1.0,5.76,15.049,15.049
5,4,high_adjustment_cost,1,0,1.2,6.101,15.62,18.743
5,5,high_adjustment_cost,1,1,1.2,5.594,14.895,17.874
5,6,high_adjustment_cost,0,1,1.0,5.324,13.821,13.821
5,7,high_adjustment_cost,0,0,1.0,6.089,14.774,14.774
5,8,high_adjustment_cost,1,0,1.2,6.358,15.214,18.257
5,9,high_adjustment_cost,1,1,1.2,5.714,14.908,17.89
5,10,high_adjustment_cost,0,1,1.0,5.506,14.384,14.384
5,11,high_adjustment_cost,0,0,1.0,5.824,14.769,14.769
5,12,high_adjustment_cost,1,0,1.2,6.134,15.939,19.126
5,13,high_adjustment_cost,1,1,1.2,5.804,15.097,18.117
5,14,high_adjustment_cost,0,1,1.0,5.81,14.317,14.317
5,15,high_adjustment_cost,0,0,1.0,5.692,14.837,14.837
5,16,high_adjustment_cost,1,0,1.2,5.966,15.72,18.865
6,1,low_adjustment_cost,0,0,1.0,5.676,15.192,15.192
6,2,low_adjustment_cost,1,0,1.2,6.031,15.601,18.721
6,3,low_adjustment_cost,0,1,1.0,5.509,14.704,14.704
6,4,low_adjustment_cost,1,0,1.2,5.952,15.266,18.319
6,5,low_adjustment_cost,0,1,1.0,5.518,13.704,13.704
6,6,low_adjustment_cost,1,0,1.2,6.035,15.065,18.078
6,7,low_adjustment_cost,0,1,1.0,5.196,13.858,13.858
6,8,low_adjustment_cost,1,0,1.2,6.285,15.779,18.935
6,9,low_adjustment_cost,0,1,1.0,5.606,14.002,14.002
6,10,low_adjustment_cost,1,0,1.2,6.296,15.852,19.023
6,11,low_adjustment_cost,0,1,1.0,5.697,14.724,14.724
6,12,low_adjustment_cost,1,0,1.2,6.021,14.943,17.931
6,13,low_adjustment_cost,0,1,1.0,5.65,14.161,14.161
6,14,low_adjustment_cost,1,0,1.2,6.18,16.03,19.236
6,15,low_adjustment_cost,0,1,1.0,5.665,14.944,14.944
6,16,low_adjustment_cost,1,0,1.2,5.939,15.161,18.193
7,1,high_adjustment_cost,0,0,1.0,5.033,14.016,14.016
7,2,high_adjustment_cost,0,0,1.0,5.284,14.131,14.131
7,3,high_adjustment_cost,1,0,1.2,5.425,14.063,16.876
7,4,high_adjustment_cost,1,1,1.2,5.167,14.793,17.752
7,5,high_adjustment_cost,0,1,1.0,4.571,12.786,12.786
7,6,high_adjustment_cost,0,0,1.0,5.197,14.94,14.94
7,7,high_adjustment_cost,1,0,1.2,5.444,14.727,17.673
7,8,high_adjustment_cost,1,1,1.2,5.004,13.708,16.449
7,9,high_adjustment_cost,0,1,1.0,5.037,13.941,13.941
7,10,high_adjustment_cost,0,0,1.0,5.218,13.074,13.074
7,11,high_adjustment_cost,1,0,1.2,5.465,14.45,17.34
7,12,high_adjustment_cost,1,1,1.2,5.314,13.299,15.959
7,13,high_adjustment_cost,0,1,1.0,4.693,13.278,13.278
7,14,high_adjustment_cost,0,0,1.0,5.388,13.939,13.939
7,15,high_adjustment_cost,1,0,1.2,5.63,15.005,18.005
7,16,high_adjustment_cost,1,1,1.2,5.092,12.357,14.828
8,1,low_adjustment_cost,1,0,1.2,6.575,16.499,19.799
8,2,low_adjustment_cost,1,1,1.2,6.371,15.474,18.569
8,3,low_adjustment_cost,1,1,1.2,6.306,14.732,17.679
8,4,low_adjustment_cost,1,1,1.2,6.441,15.683,18.82
8,5,low_adjustment_cost,1,1,1.2,6.373,15.296,18.355
8,6,low_adjustment_cost,1,1,1.2,6.395,15.487,18.585
8,7,low_adjustment_cost,1,1,1.2,6.552,15.657,18.789
8,8,low_adjustment_cost,1,1,1.2,6.444,16.218,19.461
8,9,low_adjustment_cost,1,1,1.2,6.424,15.531,18.638
8,10,low_adjustment_cost,1,1,1.2,6.639,16.292,19.55
8,11,low_adjustment_cost,1,1,1.2,6.062,15.597,18.717
8,12,low_adjustment_cost,1,1,1.2,6.434,16.13,19.357
8,13,low_adjustment_cost,1,1,1.2,6.444,16.837,20.204
8,14,low_adjustment_cost,1,1,1.2,6.408,16.098,19.317
8,15,low_adjustment_cost,1,1,1.2,6.5,15.245,18.294
8,16,low_adjustment_cost,1,1,1.2,6.247,15.507,18.609
9,1,high_adjustment_cost,1,0,1.2,5.419,13.238,15.886
9,2,high_adjustment_cost,0,1,1.0,5.301,13.469,13.469
9,3,high_adjustment_cost,0,0,1.0,5.529,14.35,14.35
9,4,high_adjustment_cost,1,0,1.2,5.713,14.545,17.454
9,5,high_adjustment_cost,1,1,1.2,5.354,13.153,15.783
9,6,high_adjustment_cost,0,1,1.0,4.894,13.468,13.468
9,7,high_adjustment_cost,0,0,1.0,5.506,14.209,14.209
9,8,high_adjustment_cost,1,0,1.2,5.526,14.399,17.279
9,9,high_adjustment_cost,1,1,1.2,5.533,14.586,17.504
9,10,high_adjustment_cost,0,1,1.0,5.257,14.106,14.106
9,11,high_adjustment_cost,0,0,1.0,5.095,13.61,13.61
9,12,high_adjustment_cost,1,0,1.2,6.037,14.127,16.953
9,13,high_adjustment_cost,1,1,1.2,5.387,14.061,16.873
9,14,high_adjustment_cost,0,1,1.0,5.191,14.09,14.09
9,15,high_adjustment_cost,0,0,1.0,5.498,13.253,13.253
9,16,high_adjustment_cost,1,0,1.2,5.753,14.598,17.518
10,1,low_adjustment_cost,0,0,1.0,6.225,15.283,15.283
10,2,low_adjustment_cost,1,0,1.2,6.568,16.029,19.235
10,3,low_adjustment_cost,0,1,1.0,6.259,15.12,15.12
10,4,low_adjustment_cost,1,0,1.2,6.801,16.491,19.789
10,5,low_adjustment_cost,0,1,1.0,6.206,15.139,15.139
10,6,low_adjustment_cost,1,0,1.2,6.907,17.017,20.42
10,7,low_adjustment_cost,0,1,1.0,6.101,14.597,14.597
10,8,low_adjustment_cost,1,0,1.2,6.938,16.02,19.224
10,9,low_adjustment_cost,0,1,1.0,6.081,14.783,14.783
10,10,low_adjustment_cost,1,0,1.2,6.704,16.724,20.069
10,11,low_adjustment_cost,0,1,1.0,6.354,14.428,14.428
10,12,low_adjustment_cost,1,0,1.2,6.75,15.491,18.589
10,13,low_adjustment_cost,0,1,1.0,6.252,15.615,15.615
10,14,low_adjustment_cost,1,0,1.2,6.616,15.412,18.495
10,15,low_adjustment_cost,0,1,1.0,6.033,14.997,14.997
10,16,low_adjustment_cost,1,0,1.2,6.869,16.591,19.909
11,1,high_adjustment_cost,0,0,1.0,5.878,14.29,14.29
11,2,high_adjustment_cost,0,0,1.0,5.958,14.714,14.714
11,3,high_adjustment_cost,1,0,1.2,6.139,15.132,18.158
11,4,high_adjustment_cost,1,1,1.2,5.789,14.871,17.845
11,5,high_adjustment_cost,0,1,1.0,5.727,14.521,14.521
11,6,high_adjustment_cost,0,0,1.0,5.804,14.506,14.506
11,7,high_adjustment_cost,1,0,1.2,5.844,15.298,18.357
11,8,high_adjustment_cost,1,1,1.2,5.893,15.455,18.546
11,9,high_adjustment_cost,0,1,1.0,5.733,14.206,14.206
11,10,high_adjustment_cost,0,0,1.0,5.727,13.961,13.961
11,11,high_adjustment_cost,1,0,1.2,6.195,15.528,18.634
11,12,high_adjustment_cost,1,1,1.2,5.947,15.996,19.195
11,13,high_adjustment_cost,0,1,1.0,5.619,14.495,14.495
11,14,high_adjustment_cost,0,0,1.0,5.982,14.515,14.515
11,15,high_adjustment_cost,1,0,1.2,6.18,15.692,18.831
11,16,high_adjustment_cost,1,1,1.2,5.755,15.399,18.479
12,1,low_adjustment_cost,1,0,1.2,6.322,16.189,19.427
12,2,low_adjustment_cost,1,1,1.2,6.024,15.85,19.02
12,3,low_adjustment_cost,1,1,1.2,6.169,14.33,17.196
12,4,low_adjustment_cost,1,1,1.2,6.407,15.134,18.161
12,5,low_adjustment_cost,1,1,1.2,6.06,14.821,17.785
12,6,low_adjustment_cost,1,1,1.2,6.401,15.72,18.865
12,7,low_adjustment_cost,1,1,1.2,6.439,16.377,19.653
12,8,low_adjustment_cost,1,1,1.2,6.474,16.29,19.548
12,9,low_adjustment_cost,1,1,1.2,6.199,14.943,17.932
12,10,low_adjustment_cost,1,1,1.2,6.323,16.053,19.264
12,11,low_adjustment_cost,1,1,1.2,6.117,14.951,17.941
12,12,low_adjustment_cost,1,1,1.2,6.307,14.886,17.863
12,13,low_adjustment_cost,1,1,1.2,6.118,15.317,18.381
12,14,low_adjustment_cost,1,1,1.2,6.096,14.86,17.832
12,15,low_adjustment_cost,1,1,1.2,6.391,15.82,18.984
12,16,low_adjustment_cost,1,1,1.2,6.252,15.521,18.625
13,1,high_adjustment_cost,1,0,1.2,5.944,14.999,17.999
13,2,high_adjustment_cost,0,1,1.0,5.677,14.23,14.23
13,3,high_adjustment_cost,0,0,1.0,5.967,14.763,14.763
13,4,high_adjustment_cost,1,0,1.2,6.047,15.318,18.381
13,5,high_adjustment_cost,1,1,1.2,6.212,15.504,18.605
13,6,high_adjustment_cost,0,1,1.0,5.904,14.641,14.641
13,7,high_adjustment_cost,0,0,1.0,6.011,14.533,14.533
13,8,high_adjustment_cost,1,0,1.2,6.154,15.847,19.016
13,9,high_adjustment_cost,1,1,1.2,6.19,15.363,18.435
13,10,high_adjustment_cost,0,1,1.0,5.796,14.183,14.183
13,11,high_adjustment_cost,0,0,1.0,5.923,14.487,14.487
13,12,high_adjustment_cost,1,0,1.2,6.412,15.993,19.191
13,13,high_adjustment_cost,1,1,1.2,6.117,15.157,18.188
13,14,high_adjustment_cost,0,1,1.0,5.855,15.766,15.766
13,15,high_adjustment_cost,0,0,1.0,5.885,15.286,15.286
13,16,high_adjustment_cost,1,0,1.2,6.324,16.408,19.689
14,1,low_adjustment_cost,0,0,1.0,5.472,14.397,14.397
14,2,low_adjustment_cost,1,0,1.2,6.117,15.155,18.186
14,3,low_adjustment_cost,0,1,1.0,5.178,13.479,13.479
14,4,low_adjustment_cost,1,0,1.2,6.157,14.543,17.452
14,5,low_adjustment_cost,0,1,1.0,5.497,14.39,14.39
14,6,low_adjustment_cost,1,0,1.2,6.074,14.772,17.726
14,7,low_adjustment_cost,0,1,1.0,5.456,14.151,14.151
14,8,low_adjustment_cost,1,0,1.2,6.062,14.973,17.968
14,9,low_adjustment_cost,0,1,1.0,5.56,14.456,14.456
14,10,low_adjustment_cost,1,0,1.2,6.322,16.244,19.493
14,11,low_adjustment_cost,0,1,1.0,5.568,15.052,15.052
14,12,low_adjustment_cost,1,0,1.2,5.843,14.829,17.795
14,13,low_adjustment_cost,0,1,1.0,5.498,13.697,13.697
14,14,low_adjustment_cost,1,0,1.2,6.135,15.497,18.596
14,15,low_adjustment_cost,0,1,1.0,5.346,13.784,13.784
14,16,low_adjustment_cost,1,0,1.2,6.338,16.593,19.911
15,1,high_adjustment_cost,0,0,1.0,5.797,14.094,14.094
15,2,high_adjustment_cost,0,0,1.0,6.14,15.324,15.324
15,3,high_adjustment_cost,1,0,1.2,6.168,15.091,18.11
15,4,high_adjustment_cost,1,1,1.2,5.974,14.757,17.708
15,5,high_adjustment_cost,0,1,1.0,5.752,14.295,14.295
15,6,high_adjustment_cost,0,0,1.0,5.764,14.312,14.312
15,7,high_adjustment_cost,1,0,1.2,6.081,15.353,18.424
15,8,high_adjustment_cost,1,1,1.2,5.812,15.327,18.393
15,9,high_adjustment_cost,0,1,1.0,5.731,14.661,14.661
15,10,high_adjustment_cost,0,0,1.0,5.791,15.032,15.032
15,11,high_adjustment_cost,1,0,1.2,5.986,15.412,18.494
15,12,high_adjustment_cost,1,1,1.2,5.439,14.391,17.27
15,13,high_adjustment_cost,0,1,1.0,5.751,14.743,14.743
15,14,high_adjustment_cost,0,0,1.0,5.785,15.083,15.083
15,15,high_adjustment_cost,1,0,1.2,5.844,14.715,17.658
15,16,high_adjustment_cost,1,1,1.2,5.589,15.204,18.245
16,1,low_adjustment_cost,1,0,1.2,6.455,15.368,18.442
16,2,low_adjustment_cost,1,1,1.2,6.197,15.62,18.744
16,3,low_adjustment_cost,1,1,1.2,6.47,16.135,19.362
16,4,low_adjustment_cost,1,1,1.2,6.115,15.113,18.136
16,5,low_adjustment_cost,1,1,1.2,6.247,14.968,17.962
16,6,low_adjustment_cost,1,1,1.2,6.373,15.455,18.545
16,7,low_adjustment_cost,1,1,1.2,5.94,15.872,19.046
16,8,low_adjustment_cost,1,1,1.2,6.442,16.015,19.218
16,9,low_adjustment_cost,1,1,1.2,6.087,14.378,17.254
16,10,low_adjustment_cost,1,1,1.2,6.273,16.307,19.568
16,11,low_adjustment_cost,1,1,1.2,6.485,16.19,19.428
16,12,low_adjustment_cost,1,1,1.2,6.166,15.171,18.205
16,13,low_adjustment_cost,1,1,1.2,6.167,15.449,18.538
16,14,low_adjustment_cost,1,1,1.2,6.443,15.705,18.846
16,15,low_adjustment_cost,1,1,1.2,6.169,15.918,19.101
16,16,low_adjustment_cost,1,1,1.2,5.919,14.906,17.888
17,1,high_adjustment_cost,1,0,1.2,6.438,15.245,18.294
17,2,high_adjustment_cost,0,1,1.0,5.755,13.611,13.611
17,3,high_adjustment_cost,0,0,1.0,6.18,14.399,14.399
17,4,high_adjustment_cost,1,0,1.2,6.553,16.383,19.66
17,5,high_adjustment_cost,1,1,1.2,6.174,15.512,18.614
17,6,high_adjustment_cost,0,1,1.0,6.134,15.428,15.428
17,7,high_adjustment_cost,0,0,1.0,6.238,15.275,15.275
17,8,high_adjustment_cost,1,0,1.2,6.37,15.343,18.412
17,9,high_adjustment_cost,1,1,1.2,6.141,15.214,18.257
17,10,high_adjustment_cost,0,1,1.0,5.955,13.931,13.931
17,11,high_adjustment_cost,0,0,1.0,6.436,16.296,16.296
17,12,high_adjustment_cost,1,0,1.2,6.36,15.774,18.928
17,13,high_adjustment_cost,1,1,1.2,6.251,14.832,17.799
17,14,high_adjustment_cost,0,1,1.0,6.167,14.549,14.549
17,15,high_adjustment_cost,0,0,1.0,6.62,14.275,14.275
17,16,high_adjustment_cost,1,0,1.2,6.312,15.99,19.188
18,1,low_adjustment_cost,0,0,1.0,5.894,14.591,14.591
18,2,low_adjustment_cost,1,0,1.2,6.215,15.346,18.415
18,3,low_adjustment_cost,0,1,1.0,5.512,13.849,13.849
18,4,low_adjustment_cost,1,0,1.2,6.336,15.191,18.229
18,5,low_adjustment_cost,0,1,1.0,5.415,14.951,14.951
18,6,low_adjustment_cost,1,0,1.2,6.193,15.908,19.089
18,7,low_adjustment_cost,0,1,1.0,5.447,14.52,14.52
18,8,low_adjustment_cost,1,0,1.2,6.437,15.305,18.367
18,9,low_adjustment_cost,0,1,1.0,5.419,13.358,13.358
18,10,low_adjustment_cost,1,0,1.2,6.214,15.846,19.016
18,11,low_adjustment_cost,0,1,1.0,5.555,14.576,14.576
18,12,low_adjustment_cost,1,0,1.2,6.167,16.098,19.317
18,13,low_adjustment_cost,0,1,1.0,5.563,13.55,13.55
18,14,low_adjustment_cost,1,0,1.2,6.331,16.044,19.253
18,15,low_adjustment_cost,0,1,1.0,5.775,14.796,14.796
18,16,low_adjustment_cost,1,0,1.2,6.332,14.742,17.69
19,1,high_adjustment_cost,0,0,1.0,6.06,14.49,14.49
19,2,high_adjustment_cost,0,0,1.0,6.102,14.253,14.253
19,3,high_adjustment_cost,1,0,1.2,6.429,15.275,18.33
19,4,high_adjustment_cost,1,1,1.2,6.161,15.554,18.665
19,5,high_adjustment_cost,0,1,1.0,5.936,14.566,14.566
19,6,high_adjustment_cost,0,0,1.0,6.087,15.445,15.445
19,7,high_adjustment_cost,1,0,1.2,6.531,15.294,18.352
19,8,high_adjustment_cost,1,1,1.2,6.545,15.94,19.128
19,9,high_adjustment_cost,0,1,1.0,5.952,14.721,14.721
19,10,high_adjustment_cost,0,0,1.0,6.154,15.362,15.362
19,11,high_adjustment_cost,1,0,1.2,6.594,16.054,19.265
19,12,high_adjustment_cost,1,1,1.2,6.103,15.368,18.441
19,13,high_adjustment_cost,0,1,1.0,5.662,13.894,13.894
19,14,high_adjustment_cost,0,0,1.0,6.179,15.114,15.114
19,15,high_adjustment_cost,1,0,1.2,6.797,16.066,19.279
19,16,high_adjustment_cost,1,1,1.2,6.043,15.327,18.392
20,1,low_adjustment_cost,1,0,1.2,6.652,16.703,20.043
20,2,low_adjustment_cost,1,1,1.2,6.463,15.906,19.087
20,3,low_adjustment_cost,1,1,1.2,6.532,16.056,19.267
20,4,low_adjustment_cost,1,1,1.2,6.578,15.816,18.979
20,5,low_adjustment_cost,1,1,1.2,6.562,15.846,19.015
20,6,low_adjustment_cost,1,1,1.2,6.368,16.144,19.373
20,7,low_adjustment_cost,1,1,1.2,6.354,15.768,18.922
20,8,low_adjustment_cost,1,1,1.2,6.309,16.42,19.704
20,9,low_adjustment_cost,1,1,1.2,6.431,15.538,18.645
20,10,low_adjustment_cost,1,1,1.2,6.668,16.36,19.632
20,11,low_adjustment_cost,1,1,1.2,6.602,16.584,19.9
20,12,low_adjustment_cost,1,1,1.2,6.543,15.769,18.923
20,13,low_adjustment_cost,1,1,1.2,6.857,15.846,19.015
20,14,low_adjustment_cost,1,1,1.2,6.542,16.248,19.498
20,15,low_adjustment_cost,1,1,1.2,6.639,16.326,19.591
20,16,low_adjustment_cost,1,1,1.2,6.194,15.391,18.469
21,1,high_adjustment_cost,1,0,1.2,6.378,16.063,19.276
21,2,high_adjustment_cost,0,1,1.0,5.667,14.011,14.011
21,3,high_adjustment_cost,0,0,1.0,6.127,14.951,14.951
21,4,high_adjustment_cost,1,0,1.2,6.257,15.733,18.879
21,5,high_adjustment_cost,1,1,1.2,6.023,15.26,18.312
21,6,high_adjustment_cost,0,1,1.0,5.835,14.078,14.078
21,7,high_adjustment_cost,0,0,1.0,5.809,15.295,15.295
21,8,high_adjustment_cost,1,0,1.2,6.27,15.372,18.447
21,9,high_adjustment_cost,1,1,1.2,6.091,15.069,18.082
21,10,high_adjustment_cost,0,1,1.0,5.622,14.734,14.734
21,11,high_adjustment_cost,0,0,1.0,5.957,14.757,14.757
21,12,high_adjustment_cost,1,0,1.2,5.939,14.927,17.912
21,13,high_adjustment_cost,1,1,1.2,5.721,14.619,17.542
21,14,high_adjustment_cost,0,1,1.0,5.763,14.586,14.586
21,15,high_adjustment_cost,0,0,1.0,5.811,14.935,14.935
21,16,high_adjustment_cost,1,0,1.2,5.791,14.957,17.948
22,1,low_adjustment_cost,0,0,1.0,6.319,15.434,15.434
22,2,low_adjustment_cost,1,0,1.2,6.786,16.809,20.171
22,3,low_adjustment_cost,0,1,1.0,6.08,14.618,14.618
22,4,low_adjustment_cost,1,0,1.2,6.541,15.883,19.06
22,5,low_adjustment_cost,0,1,1.0,6.274,15.124,15.124
22,6,low_adjustment_cost,1,0,1.2,6.423,15.205,18.246
22,7,low_adjustment_cost,0,1,1.0,6.277,15.782,15.782
22,8,low_adjustment_cost,1,0,1.2,6.796,16.115,19.338
22,9,low_adjustment_cost,0,1,1.0,6.21,15.02,15.02
22,10,low_adjustment_cost,1,0,1.2,6.951,17.125,20.55
22,11,low_adjustment_cost,0,1,1.0,6.465,14.65,14.65
22,12,low_adjustment_cost,1,0,1.2,6.704,15.189,18.227
22,13,low_adjustment_cost,0,1,1.0,6.235,14.748,14.748
22,14,low_adjustment_cost,1,0,1.2,6.955,16.183,19.42
22,15,low_adjustment_cost,0,1,1.0,6.107,14.71,14.71
22,16,low_adjustment_cost,1,0,1.2,6.635,16.9,20.28
23,1,high_adjustment_cost,0,0,1.0,5.132,13.652,13.652
23,2,high_adjustment_cost,0,0,1.0,5.242,14.152,14.152
23,3,high_adjustment_cost,1,0,1.2,5.38,15.094,18.113
23,4,high_adjustment_cost,1,1,1.2,4.626,12.942,15.53
23,5,high_adjustment_cost,0,1,1.0,5.165,13.287,13.287
23,6,high_adjustment_cost,0,0,1.0,5.116,13.391,13.391
23,7,high_adjustment_cost,1,0,1.2,5.3,14.324,17.188
23,8,high_adjustment_cost,1,1,1.2,5.082,14.172,17.007
23,9,high_adjustment_cost,0,1,1.0,5.113,13.029,13.029
23,10,high_adjustment_cost,0,0,1.0,4.823,13.368,13.368
23,11,high_adjustment_cost,1,0,1.2,5.197,14.179,17.014
23,12,high_adjustment_cost,1,1,1.2,4.98,14.884,17.861
23,13,high_adjustment_cost,0,1,1.0,4.262,13.155,13.155
23,14,high_adjustment_cost,0,0,1.0,4.553,12.459,12.459
23,15,high_adjustment_cost,1,0,1.2,5.137,13.266,15.919
23,16,high_adjustment_cost,1,1,1.2,5.256,14.368,17.242
24,1,low_adjustment_cost,1,0,1.2,6.658,15.116,18.14
24,2,low_adjustment_cost,1,1,1.2,6.692,15.8,18.96
24,3,low_adjustment_cost,1,1,1.2,6.601,15.626,18.752
24,4,low_adjustment_cost,1,1,1.2,6.776,16.425,19.71
24,5,low_adjustment_cost,1,1,1.2,6.804,16.822,20.186
24,6,low_adjustment_cost,1,1,1.2,6.568,16.118,19.341
24,7,low_adjustment_cost,1,1,1.2,6.806,16.283,19.54
24,8,low_adjustment_cost,1,1,1.2,6.758,15.531,18.637
24,9,low_adjustment_cost,1,1,1.2,6.516,15.853,19.024
24,10,low_adjustment_cost,1,1,1.2,6.594,15.771,18.925
24,11,low_adjustment_cost,1,1,1.2,6.911,16.023,19.227
24,12,low_adjustment_cost,1,1,1.2,6.769,16.144,19.373
24,13,low_adjustment_cost,1,1,1.2,6.776,15.575,18.689
24,14,low_adjustment_cost,1,1,1.2,6.692,15.783,18.939
24,15,low_adjustment_cost,1,1,1.2,6.848,16.208,19.449
24,16,low_adjustment_cost,1,1,1.2,6.793,16.575,19.889
25,1,high_adjustment_cost,1,0,1.2,6.588,15.662,18.794
25,2,high_adjustment_cost,0,1,1.0,5.603,14.007,14.007
25,3,high_adjustment_cost,0,0,1.0,6.187,15.423,15.423
25,4,high_adjustment_cost,1,0,1.2,6.207,15.944,19.132
25,5,high_adjustment_cost,1,1,1.2,6.144,15.511,18.614
25,6,high_adjustment_cost,0,1,1.0,5.757,14.234,14.234
25,7,high_adjustment_cost,0,0,1.0,6.171,14.906,14.906
25,8,high_adjustment_cost,1,0,1.2,6.63,16.583,19.9
25,9,high_adjustment_cost,1,1,1.2,6.086,14.966,17.959
25,10,high_adjustment_cost,0,1,1.0,5.878,14.781,14.781
25,11,high_adjustment_cost,0,0,1.0,5.909,14.949,14.949
25,12,high_adjustment_cost,1,0,1.2,6.463,15.205,18.245
25,13,high_adjustment_cost,1,1,1.2,5.975,14.964,17.957
25,14,high_adjustment_cost,0,1,1.0,6.05,14.424,14.424
25,15,high_adjustment_cost,0,0,1.0,6.235,14.767,14.767
25,16,high_adjustment_cost,1,0,1.2,6.574,15.53,18.636
26,1,low_adjustment_cost,0,0,1.0,5.483,14.882,14.882
26,2,low_adjustment_cost,1,0,1.2,5.677,14.413,17.295
26,3,low_adjustment_cost,0,1,1.0,5.244,13.921,13.921
26,4,low_adjustment_cost,1,0,1.2,5.927,15.508,18.609
26,5,low_adjustment_cost,0,1,1.0,5.601,13.914,13.914
26,6,low_adjustment_cost,1,0,1.2,6.167,14.87,17.844
26,7,low_adjustment_cost,0,1,1.0,5.357,13.496,13.496
26,8,low_adjustment_cost,1,0,1.2,6.153,15.254,18.305
26,9,low_adjustment_cost,0,1,1.0,5.31,14.348,14.348
26,10,low_adjustment_cost,1,0,1.2,5.563,14.845,17.814
26,11,low_adjustment_cost,0,1,1.0,5.396,13.975,13.975
26,12,low_adjustment_cost,1,0,1.2,5.935,15.041,18.05
26,13,low_adjustment_cost,0,1,1.0,4.968,12.881,12.881
26,14,low_adjustment_cost,1,0,1.2,6.015,15.746,18.895
26,15,low_adjustment_cost,0,1,1.0,5.249,13.688,13.688
26,16,low_adjustment_cost,1,0,1.2,6.175,15.544,18.653
27,1,high_adjustment_cost,0,0,1.0,5.493,14.221,14.221
27,2,high_adjustment_cost,0,0,1.0,5.139,14.318,14.318
27,3,high_adjustment_cost,1,0,1.2,5.39,14.532,17.438
27,4,high_adjustment_cost,1,1,1.2,5.774,14.425,17.31
27,5,high_adjustment_cost,0,1,1.0,4.986,13.073,13.073
27,6,high_adjustment_cost,0,0,1.0,5.34,13.848,13.848
27,7,high_adjustment_cost,1,0,1.2,5.563,15.182,18.218
27,8,high_adjustment_cost,1,1,1.2,5.52,13.902,16.682
27,9,high_adjustment_cost,0,1,1.0,5.003,13.21,13.21
27,10,high_adjustment_cost,0,0,1.0,5.151,13.694,13.694
27,11,high_adjustment_cost,1,0,1.2,5.524,15.452,18.543
27,12,high_adjustment_cost,1,1,1.2,5.411,13.992,16.79
27,13,high_adjustment_cost,0,1,1.0,5.067,12.948,12.948
27,14,high_adjustment_cost,0,0,1.0,5.385,13.572,13.572
27,15,high_adjustment_cost,1,0,1.2,5.351,14.488,17.386
27,16,high_adjustment_cost,1,1,1.2,5.616,14.305,17.166
28,1,low_adjustment_cost,1,0,1.2,6.453,16.673,20.007
28,2,low_adjustment_cost,1,1,1.2,6.45,15.289,18.347
28,3,low_adjustment_cost,1,1,1.2,6.288,15.4,18.48
28,4,low_adjustment_cost,1,1,1.2,6.39,15.292,18.35
28,5,low_adjustment_cost,1,1,1.2,6.378,16.012,19.214
28,6,low_adjustment_cost,1,1,1.2,6.47,15.421,18.505
28,7,low_adjustment_cost,1,1,1.2,6.48,15.481,18.578
28,8,low_adjustment_cost,1,1,1.2,6.427,16.132,19.359
28,9,low_adjustment_cost,1,1,1.2,6.267,14.635,17.562
28,10,low_adjustment_cost,1,1,1.2,6.642,15.614,18.737
28,11,low_adjustment_cost,1,1,1.2,6.204,16.171,19.406
28,12,low_adjustment_cost,1,1,1.2,6.592,16.578,19.893
28,13,low_adjustment_cost,1,1,1.2,6.356,15.938,19.126
28,14,low_adjustment_cost,1,1,1.2,6.012,14.705,17.647
28,15,low_adjustment_cost,1,1,1.2,6.347,15.531,18.637
28,16,low_adjustment_cost,1,1,1.2,6.19,15.481,18.577
29,1,high_adjustment_cost,1,0,1.2,5.994,15.648,18.778
29,2,high_adjustment_cost,0,1,1.0,5.682,14.965,14.965
29,3,high_adjustment_cost,0,0,1.0,6.041,14.822,14.822
29,4,high_adjustment_cost,1,0,1.2,6.123,15.614,18.737
29,5,high_adjustment_cost,1,1,1.2,6.238,15.342,18.41
29,6,high_adjustment_cost,0,1,1.0,5.957,14.645,14.645
29,7,high_adjustment_cost,0,0,1.0,5.792,14.296,14.296
29,8,high_adjustment_cost,1,0,1.2,6.44,15.762,18.915
29,9,high_adjustment_cost,1,1,1.2,5.913,15.252,18.302
29,10,high_adjustment_cost,0,1,1.0,5.807,14.276,14.276
29,11,high_adjustment_cost,0,0,1.0,6.051,14.927,14.927
29,12,high_adjustment_cost,1,0,1.2,6.101,15.106,18.127
29,13,high_adjustment_cost,1,1,1.2,5.776,15.958,19.149
29,14,high_adjustment_cost,0,1,1.0,5.704,14.28,14.28
29,15,high_adjustment_cost,0,0,1.0,5.825,14.643,14.643
29,16,high_adjustment_cost,1,0,1.2,5.757,15.108,18.13
30,1,low_adjustment_cost,0,0,1.0,5.644,14.475,14.475
30,2,low_adjustment_cost,1,0,1.2,5.924,15.674,18.809
30,3,low_adjustment_cost,0,1,1.0,5.681,14.367,14.367
30,4,low_adjustment_cost,1,0,1.2,6.09,15.579,18.695
30,5,low_adjustment_cost,0,1,1.0,5.276,13.051,13.051
30,6,low_adjustment_cost,1,0,1.2,5.869,15.639,18.767
30,7,low_adjustment_cost,0,1,1.0,5.469,14.263,14.263
30,8,low_adjustment_cost,1,0,1.2,6.058,14.665,17.598
30,9,low_adjustment_cost,0,1,1.0,5.639,14.636,14.636
30,10,low_adjustment_cost,1,0,1.2,6.202,15.1,18.12
30,11,low_adjustment_cost,0,1,1.0,5.733,14.601,14.601
30,12,low_adjustment_cost,1,0,1.2,6.162,15.183,18.22
30,13,low_adjustment_cost,0,1,1.0,5.532,13.345,13.345
30,14,low_adjustment_cost,1,0,1.2,6.163,15.142,18.17
30,15,low_adjustment_cost,0,1,1.0,5.304,13.79,13.79
30,16,low_adjustment_cost,1,0,1.2,6.286,15.211,18.253
31,1,high_adjustment_cost,0,0,1.0,5.307,14.578,14.578
31,2,high_adjustment_cost,0,0,1.0,5.553,13.645,13.645
31,3,high_adjustment_cost,1,0,1.2,5.723,14.905,17.886
31,4,high_adjustment_cost,1,1,1.2,5.108,14.891,17.869
31,5,high_adjustment_cost,0,1,1.0,5.272,12.544,12.544
31,6,high_adjustment_cost,0,0,1.0,5.273,13.64,13.64
31,7,high_adjustment_cost,1,0,1.2,5.707,14.316,17.18
31,8,high_adjustment_cost,1,1,1.2,5.647,15.705,18.846
31,9,high_adjustment_cost,0,1,1.0,5.425,13.901,13.901
31,10,high_adjustment_cost,0,0,1.0,5.285,13.748,13.748
31,11,high_adjustment_cost,1,0,1.2,5.636,15.173,18.207
31,12,high_adjustment_cost,1,1,1.2,5.51,14.617,17.541
31,13,high_adjustment_cost,0,1,1.0,5.165,13.261,13.261
31,14,high_adjustment_cost,0,0,1.0,5.57,14.665,14.665
31,15,high_adjustment_cost,1,0,1.2,5.527,14.151,16.981
31,16,high_adjustment_cost,1,1,1.2,5.695,14.611,17.533
32,1,low_adjustment_cost,1,0,1.2,6.822,16.103,19.324
32,2,low_adjustment_cost,1,1,1.2,6.301,15.27,18.324
32,3,low_adjustment_cost,1,1,1.2,6.912,16.197,19.436
32,4,low_adjustment_cost,1,1,1.2,6.576,15.771,18.925
32,5,low_adjustment_cost,1,1,1.2,6.609,15.351,18.421
32,6,low_adjustment_cost,1,1,1.2,6.772,16.358,19.63
32,7,low_adjustment_cost,1,1,1.2,6.589,15.399,18.479
32,8,low_adjustment_cost,1,1,1.2,6.685,16.183,19.42
32,9,low_adjustment_cost,1,1,1.2,6.758,16.432,19.719
32,10,low_adjustment_cost,1,1,1.2,6.613,16.597,19.917
32,11,low_adjustment_cost,1,1,1.2,6.46,16.208,19.449
32,12,low_adjustment_cost,1,1,1.2,6.716,16.539,19.847
32,13,low_adjustment_cost,1,1,1.2,6.775,15.579,18.695
32,14,low_adjustment_cost,1,1,1.2,6.596,15.799,18.959
32,15,low_adjustment_cost,1,1,1.2,6.398,15.256,18.307
32,16,low_adjustment_cost,1,1,1.2,6.89,16.377,19.652
33,1,high_adjustment_cost,1,0,1.2,5.838,15.104,18.125
33,2,high_adjustment_cost,0,1,1.0,5.742,14.63,14.63
33,3,high_adjustment_cost,0,0,1.0,5.925,14.069,14.069
33,4,high_adjustment_cost,1,0,1.2,5.94,13.981,16.777
33,5,high_adjustment_cost,1,1,1.2,5.699,14.746,17.696
33,6,high_adjustment_cost,0,1,1.0,5.844,14.126,14.126
33,7,high_adjustment_cost,0,0,1.0,5.845,14.459,14.459
33,8,high_adjustment_cost,1,0,1.2,6.251,15.478,18.573
33,9,high_adjustment_cost,1,1,1.2,5.938,15.503,18.603
33,10,high_adjustment_cost,0,1,1.0,5.45,14.338,14.338
33,11,high_adjustment_cost,0,0,1.0,6.042,14.431,14.431
33,12,high_adjustment_cost,1,0,1.2,6.061,14.872,17.846
33,13,high_adjustment_cost,1,1,1.2,5.917,14.636,17.563
33,14,high_adjustment_cost,0,1,1.0,5.59,13.709,13.709
33,15,high_adjustment_cost,0,0,1.0,5.883,13.953,13.953
33,16,high_adjustment_cost,1,0,1.2,5.863,14.823,17.788
34,1,low_adjustment_cost,0,0,1.0,6.319,15.797,15.797
34,2,low_adjustment_cost,1,0,1.2,6.872,16.005,19.206
34,3,low_adjustment_cost,0,1,1.0,6.523,15.498,15.498
34,4,low_adjustment_cost,1,0,1.2,7.02,16.839,20.207
34,5,low_adjustment_cost,0,1,1.0,6.639,16.065,16.065
34,6,low_adjustment_cost,1,0,1.2,6.886,16.56,19.872
34,7,low_adjustment_cost,0,1,1.0,6.371,14.916,14.916
34,8,low_adjustment_cost,1,0,1.2,6.988,16.15,19.38
34,9,low_adjustment_cost,0,1,1.0,6.234,14.189,14.189
34,10,low_adjustment_cost,1,0,1.2,7.183,16.778,20.133
34,11,low_adjustment_cost,0,1,1.0,6.354,15.963,15.963
34,12,low_adjustment_cost,1,0,1.2,7.193,16.426,19.712
34,13,low_adjustment_cost,0,1,1.0,6.456,15.111,15.111
34,14,low_adjustment_cost,1,0,1.2,7.151,16.681,20.017
34,15,low_adjustment_cost,0,1,1.0,6.322,14.977,14.977
34,16,low_adjustment_cost,1,0,1.2,6.658,16.259,19.511
35,1,high_adjustment_cost,0,0,1.0,5.456,14.351,14.351
35,2,high_adjustment_cost,0,0,1.0,5.542,13.022,13.022
35,3,high_adjustment_cost,1,0,1.2,5.678,15.193,18.231
35,4,high_adjustment_cost,1,1,1.2,5.523,15.112,18.135
35,5,high_adjustment_cost,0,1,1.0,5.335,15.088,15.088
35,6,high_adjustment_cost,0,0,1.0,5.625,14.745,14.745
35,7,high_adjustment_cost,1,0,1.2,5.763,15.046,18.055
35,8,high_adjustment_cost,1,1,1.2,5.514,14.549,17.458
35,9,high_adjustment_cost,0,1,1.0,5.502,14.097,14.097
35,10,high_adjustment_cost,0,0,1.0,5.744,14.519,14.519
35,11,high_adjustment_cost,1,0,1.2,5.834,14.762,17.715
35,12,high_adjustment_cost,1,1,1.2,5.509,15.018,18.021
35,13,high_adjustment_cost,0,1,1.0,5.289,14.262,14.262
35,14,high_adjustment_cost,0,0,1.0,5.597,13.672,13.672
35,15,high_adjustment_cost,1,0,1.2,5.642,14.642,17.571
35,16,high_adjustment_cost,1,1,1.2,5.449,14.323,17.188
36,1,low_adjustment_cost,1,0,1.2,6.309,14.867,17.84
36,2,low_adjustment_cost,1,1,1.2,6.093,14.942,17.93
36,3,low_adjustment_cost,1,1,1.2,6.387,15.424,18.509
36,4,low_adjustment_cost,1,1,1.2,6.188,15.412,18.494
36,5,low_adjustment_cost,1,1,1.2,6.279,15.976,19.171
36,6,low_adjustment_cost,1,1,1.2,6.365,15.1,18.12
36,7,low_adjustment_cost,1,1,1.2,6.453,16.033,19.239
36,8,low_adjustment_cost,1,1,1.2,6.497,16.273,19.528
36,9,low_adjustment_cost,1,1,1.2,6.128,15.067,18.08
36,10,low_adjustment_cost,1,1,1.2,6.254,15.711,18.854
36,11,low_adjustment_cost,1,1,1.2,6.21,14.823,17.788
36,12,low_adjustment_cost,1,1,1.2,6.389,16.112,19.335
36,13,low_adjustment_cost,1,1,1.2,6.284,15.503,18.603
36,14,low_adjustment_cost,1,1,1.2,6.299,15.281,18.337
36,15,low_adjustment_cost,1,1,1.2,6.385,15.223,18.267
36,16,low_adjustment_cost,1,1,1.2,6.472,15.933,19.119
37,1,high_adjustment_cost,1,0,1.2,6.001,14.36,17.232
37,2,high_adjustment_cost,0,1,1.0,5.597,14.553,14.553
37,3,high_adjustment_cost,0,0,1.0,5.733,14.359,14.359
37,4,high_adjustment_cost,1,0,1.2,6.125,15.356,18.427
37,5,high_adjustment_cost,1,1,1.2,5.591,13.852,16.623
37,6,high_adjustment_cost,0,1,1.0,5.596,14.196,14.196
37,7,high_adjustment_cost,0,0,1.0,5.953,14.861,14.861
37,8,high_adjustment_cost,1,0,1.2,6.069,16.011,19.213
37,9,high_adjustment_cost,1,1,1.2,5.697,14.491,17.389
37,10,high_adjustment_cost,0,1,1.0,5.12,13.661,13.661
37,11,high_adjustment_cost,0,0,1.0,5.602,14.754,14.754
37,12,high_adjustment_cost,1,0,1.2,6.251,15.622,18.747
37,13,high_adjustment_cost,1,1,1.2,5.933,15.589,18.707
37,14,high_adjustment_cost,0,1,1.0,5.59,14.703,14.703
37,15,high_adjustment_cost,0,0,1.0,5.93,15.314,15.314
37,16,high_adjustment_cost,1,0,1.2,5.886,15.553,18.663
38,1,low_adjustment_cost,0,0,1.0,5.868,14.648,14.648
38,2,low_adjustment_cost,1,0,1.2,6.619,15.797,18.956
38,3,low_adjustment_cost,0,1,1.0,5.659,14.167,14.167
38,4,low_adjustment_cost,1,0,1.2,6.398,15.156,18.187
38,5,low_adjustment_cost,0,1,1.0,6.038,15.414,15.414
38,6,low_adjustment_cost,1,0,1.2,6.559,15.206,18.247
38,7,low_adjustment_cost,0,1,1.0,5.706,14.552,14.552
38,8,low_adjustment_cost,1,0,1.2,6.377,15.852,19.022
38,9,low_adjustment_cost,0,1,1.0,5.829,14.181,14.181
38,10,low_adjustment_cost,1,0,1.2,6.554,15.769,18.923
38,11,low_adjustment_cost,0,1,1.0,5.53,14.547,14.547
38,12,low_adjustment_cost,1,0,1.2,6.438,14.984,17.981
38,13,low_adjustment_cost,0,1,1.0,5.557,14.399,14.399
38,14,low_adjustment_cost,1,0,1.2,6.463,15.827,18.992
38,15,low_adjustment_cost,0,1,1.0,5.919,14.612,14.612
38,16,low_adjustment_cost,1,0,1.2,6.487,16.419,19.702
39,1,high_adjustment_cost,0,0,1.0,5.086,14.203,14.203
39,2,high_adjustment_cost,0,0,1.0,5.37,14.221,14.221
39,3,high_adjustment_cost,1,0,1.2,5.74,15.607,18.729
39,4,high_adjustment_cost,1,1,1.2,5.121,13.654,16.385
39,5,high_adjustment_cost,0,1,1.0,4.805,12.713,12.713
39,6,high_adjustment_cost,0,0,1.0,5.379,14.164,14.164
39,7,high_adjustment_cost,1,0,1.2,5.595,15.043,18.052
39,8,high_adjustment_cost,1,1,1.2,5.41,14.76,17.712
39,9,high_adjustment_cost,0,1,1.0,5.277,14.373,14.373
39,10,high_adjustment_cost,0,0,1.0,5.55,14.596,14.596
39,11,high_adjustment_cost,1,0,1.2,5.728,15.413,18.496
39,12,high_adjustment_cost,1,1,1.2,5.251,15.295,18.353
39,13,high_adjustment_cost,0,1,1.0,5.249,14.263,14.263
39,14,high_adjustment_cost,0,0,1.0,5.401,14.634,14.634
39,15,high_adjustment_cost,1,0,1.2,5.593,13.948,16.738
39,16,high_adjustment_cost,1,1,1.2,5.284,13.892,16.671
40,1,low_adjustment_cost,1,0,1.2,6.992,16.717,20.06
40,2,low_adjustment_cost,1,1,1.2,6.72,15.533,18.639
40,3,low_adjustment_cost,1,1,1.2,6.593,16.886,20.263
40,4,low_adjustment_cost,1,1,1.2,6.802,16.526,19.831
40,5,low_adjustment_cost,1,1,1.2,7.053,16.828,20.193
40,6,low_adjustment_cost,1,1,1.2,6.885,15.686,18.824
40,7,low_adjustment_cost,1,1,1.2,6.838,15.887,19.064
40,8,low_adjustment_cost,1,1,1.2,6.778,15.325,18.39
40,9,low_adjustment_cost,1,1,1.2,6.601,15.653,18.783
40,10,low_adjustment_cost,1,1,1.2,6.645,15.56,18.672
40,11,low_adjustment_cost,1,1,1.2,6.671,16.256,19.507
40,12,low_adjustment_cost,1,1,1.2,6.951,15.126,18.151
40,13,low_adjustment_cost,1,1,1.2,6.871,16.093,19.312
40,14,low_adjustment_cost,1,1,1.2,6.683,15.459,18.551
40,15,low_adjustment_cost,1,1,1.2,7.09,17.08,20.497
40,16,low_adjustment_cost,1,1,1.2,6.629,16.032,19.239
41,1,high_adjustment_cost,1,0,1.2,6.395,16.902,20.282
41,2,high_adjustment_cost,0,1,1.0,5.438,14.537,14.537
41,3,high_adjustment_cost,0,0,1.0,6.132,14.658,14.658
41,4,high_adjustment_cost,1,0,1.2,6.137,15.969,19.163
41,5,high_adjustment_cost,1,1,1.2,5.683,15.289,18.347
41,6,high_adjustment_cost,0,1,1.0,5.932,14.361,14.361
41,7,high_adjustment_cost,0,0,1.0,5.926,14.996,14.996
41,8,high_adjustment_cost,1,0,1.2,6.191,16.072,19.286
41,9,high_adjustment_cost,1,1,1.2,5.969,15.748,18.897
41,10,high_adjustment_cost,0,1,1.0,5.934,14.09,14.09
41,11,high_adjustment_cost,0,0,1.0,6.21,15.013,15.013
41,12,high_adjustment_cost,1,0,1.2,6.14,15.34,18.408
41,13,high_adjustment_cost,1,1,1.2,6.346,15.709,18.851
41,14,high_adjustment_cost,0,1,1.0,5.513,13.853,13.853
41,15,high_adjustment_cost,0,0,1.0,6.075,14.208,14.208
41,16,high_adjustment_cost,1,0,1.2,6.14,15.434,18.521
42,1,low_adjustment_cost,0,0,1.0,5.534,14.475,14.475
42,2,low_adjustment_cost,1,0,1.2,6.514,15.805,18.965
42,3,low_adjustment_cost,0,1,1.0,5.698,14.788,14.788
42,4,low_adjustment_cost,1,0,1.2,6.557,15.941,19.129
42,5,low_adjustment_cost,0,1,1.0,5.683,15.682,15.682
42,6,low_adjustment_cost,1,0,1.2,6.15,15.011,18.013
42,7,low_adjustment_cost,0,1,1.0,5.749,14.564,14.564
42,8,low_adjustment_cost,1,0,1.2,6.45,14.335,17.202
42,9,low_adjustment_cost,0,1,1.0,5.959,14.729,14.729
42,10,low_adjustment_cost,1,0,1.2,6.267,15.856,19.027
42,11,low_adjustment_cost,0,1,1.0,5.7,14.507,14.507
42,12,low_adjustment_cost,1,0,1.2,6.18,15.901,19.081
42,13,low_adjustment_cost,0,1,1.0,5.609,14.354,14.354
42,14,low_adjustment_cost,1,0,1.2,6.055,14.64,17.569
42,15,low_adjustment_cost,0,1,1.0,5.431,14.001,14.001
42,16,low_adjustment_cost,1,0,1.2,6.479,15.361,18.433
43,1,high_adjustment_cost,0,0,1.0,5.413,14.47,14.47
43,2,high_adjustment_cost,0,0,1.0,5.635,13.615,13.615
43,3,high_adjustment_cost,1,0,1.2,5.754,14.53,17.436
43,4,high_adjustment_cost,1,1,1.2,5.594,15.48,18.576
43,5,high_adjustment_cost,0,1,1.0,5.42,14.709,14.709
43,6,high_adjustment_cost,0,0,1.0,5.677,14.126,14.126
43,7,high_adjustment_cost,1,0,1.2,5.783,15.068,18.082
43,8,high_adjustment_cost,1,1,1.2,5.907,15.042,18.051
43,9,high_adjustment_cost,0,1,1.0,5.598,13.924,13.924
43,10,high_adjustment_cost,0,0,1.0,5.827,13.639,13.639
43,11,high_adjustment_cost,1,0,1.2,6.149,15.205,18.246
43,12,high_adjustment_cost,1,1,1.2,5.14,13.166,15.8
43,13,high_adjustment_cost,0,1,1.0,5.531,14.309,14.309
43,14,high_adjustment_cost,0,0,1.0,5.472,14.08,14.08
43,15,high_adjustment_cost,1,0,1.2,5.689,14.321,17.185
43,16,high_adjustment_cost,1,1,1.2,5.826,13.915,16.698
44,1,low_adjustment_cost,1,0,1.2,6.71,15.654,18.785
44,2,low_adjustment_cost,1,1,1.2,6.86,15.883,19.06
44,3,low_adjustment_cost,1,1,1.2,6.708,15.927,19.113
44,4,low_adjustment_cost,1,1,1.2,6.601,15.864,19.036
44,5,low_adjustment_cost,1,1,1.2,6.634,15.753,18.904
44,6,low_adjustment_cost,1,1,1.2,6.842,15.783,18.939
44,7,low_adjustment_cost,1,1,1.2,6.767,16.733,20.079
44,8,low_adjustment_cost,1,1,1.2,6.85,16.409,19.691
44,9,low_adjustment_cost,1,1,1.2,6.991,16.19,19.428
44,10,low_adjustment_cost,1,1,1.2,6.988,15.976,19.172
44,11,low_adjustment_cost,1,1,1.2,6.841,15.751,18.901
44,12,low_adjustment_cost,1,1,1.2,6.581,15.724,18.869
44,13,low_adjustment_cost,1,1,1.2,6.796,17.329,20.795
44,14,low_adjustment_cost,1,1,1.2,6.978,16.596,19.916
44,15,low_adjustment_cost,1,1,1.2,6.606,15.904,19.084
44,16,low_adjustment_cost,1,1,1.2,6.993,16.98,20.376
45,1,high_adjustment_cost,1,0,1.2,5.843,14.865,17.837
45,2,high_adjustment_cost,0,1,1.0,5.642,14.328,14.328
45,3,high_adjustment_cost,0,0,1.0,5.745,14.571,14.571
45,4,high_adjustment_cost,1,0,1.2,6.004,15.244,18.293
45,5,high_adjustment_cost,1,1,1.2,5.593,14.9,17.88
45,6,high_adjustment_cost,0,1,1.0,5.477,14.249,14.249
45,7,high_adjustment_cost,0,0,1.0,5.67,13.957,13.957
45,8,high_adjustment_cost,1,0,1.2,6.151,15.236,18.284
45,9,high_adjustment_cost,1,1,1.2,5.915,14.86,17.832
45,10,high_adjustment_cost,0,1,1.0,5.695,14.249,14.249
45,11,high_adjustment_cost,0,0,1.0,5.918,15.001,15.001
45,12,high_adjustment_cost,1,0,1.2,5.773,15.41,18.492
45,13,high_adjustment_cost,1,1,1.2,5.501,14.217,17.061
45,14,high_adjustment_cost,0,1,1.0,5.663,14.356,14.356
45,15,high_adjustment_cost,0,0,1.0,5.462,13.955,13.955
45,16,high_adjustment_cost,1,0,1.2,6.035,14.93,17.916
46,1,low_adjustment_cost,0,0,1.0,5.227,13.261,13.261
46,2,low_adjustment_cost,1,0,1.2,5.993,16.182,19.419
46,3,low_adjustment_cost,0,1,1.0,4.864,13.493,13.493
46,4,low_adjustment_cost,1,0,1.2,6.049,14.902,17.882
46,5,low_adjustment_cost,0,1,1.0,5.371,13.917,13.917
46,6,low_adjustment_cost,1,0,1.2,6.145,15.258,18.31
46,7,low_adjustment_cost,0,1,1.0,5.351,13.691,13.691
46,8,low_adjustment_cost,1,0,1.2,5.843,15.257,18.309
46,9,low_adjustment_cost,0,1,1.0,5.337,13.82,13.82
46,10,low_adjustment_cost,1,0,1.2,6.103,14.961,17.954
46,11,low_adjustment_cost,0,1,1.0,5.665,14.331,14.331
46,12,low_adjustment_cost,1,0,1.2,6.327,15.787,18.945
46,13,low_adjustment_cost,0,1,1.0,5.179,14.215,14.215
46,14,low_adjustment_cost,1,0,1.2,6.254,16.421,19.705
46,15,low_adjustment_cost,0,1,1.0,5.309,13.693,13.693
46,16,low_adjustment_cost,1,0,1.2,5.842,14.842,17.81
47,1,high_adjustment_cost,0,0,1.0,5.689,15.019,15.019
47,2,high_adjustment_cost,0,0,1.0,5.778,13.767,13.767
47,3,high_adjustment_cost,1,0,1.2,6.057,16.271,19.525
47,4,high_adjustment_cost,1,1,1.2,5.941,16.267,19.52
47,5,high_adjustment_cost,0,1,1.0,5.764,14.657,14.657
47,6,high_adjustment_cost,0,0,1.0,5.649,14.599,14.599
47,7,high_adjustment_cost,1,0,1.2,6.211,15.411,18.493
47,8,high_adjustment_cost,1,1,1.2,5.839,15.875,19.05
47,9,high_adjustment_cost,0,1,1.0,5.578,13.979,13.979
47,10,high_adjustment_cost,0,0,1.0,5.865,14.607,14.607
47,11,high_adjustment_cost,1,0,1.2,5.923,14.743,17.692
47,12,high_adjustment_cost,1,1,1.2,5.913,15.911,19.093
47,13,high_adjustment_cost,0,1,1.0,5.472,14.302,14.302
47,14,high_adjustment_cost,0,0,1.0,5.568,13.962,13.962
47,15,high_adjustment_cost,1,0,1.2,5.947,14.784,17.741
47,16,high_adjustment_cost,1,1,1.2,5.594,14.757,17.709
48,1,low_adjustment_cost,1,0,1.2,6.159,15.562,18.675
48,2,low_adjustment_cost,1,1,1.2,6.256,15.035,18.041
48,3,low_adjustment_cost,1,1,1.2,6.077,15.248,18.298
48,4,low_adjustment_cost,1,1,1.2,5.984,14.344,17.213
48,5,low_adjustment_cost,1,1,1.2,6.079,15.601,18.721
48,6,low_adjustment_cost,1,1,1.2,5.9,14.941,17.929
48,7,low_adjustment_cost,1,1,1.2,6.355,15.508,18.61
48,8,low_adjustment_cost,1,1,1.2,6.084,16.08,19.296
48,9,low_adjustment_cost,1,1,1.2,6.424,15.817,18.98
48,10,low_adjustment_cost,1,1,1.2,6.086,15.063,18.075
48,11,low_adjustment_cost,1,1,1.2,6.01,16.024,19.229
48,12,low_adjustment_cost,1,1,1.2,6.145,15.645,18.775
48,13,low_adjustment_cost,1,1,1.2,6.331,15.5,18.6
48,14,low_adjustment_cost,1,1,1.2,6.283,16.45,19.739
48,15,low_adjustment_cost,1,1,1.2,6.269,15.4,18.48
48,16,low_adjustment_cost,1,1,1.2,6.124,14.936,17.924
