worker_id,arm,information,bargaining_support,current_wage,true_outside_wage,perceived_outside_wage,belief_gap,search_friction_index,market_power_index,applications_next_month,bargaining_attempt,moved_job,wage_growth_next_quarter,segmentation_index
belief-worker-0000,control,0,0,17.5,18.2,16.06,2.14,0.38,0.58,0.55,0,0,0.002,0.496
belief-worker-0001,outside_option_info,1,0,17.75,18.46,17.55,0.91,0.38,0.58,2.45,0,0,0.012,0.425
belief-worker-0002,bargaining_prompt,0,1,18.0,18.72,16.91,1.81,0.38,0.58,1.45,0,0,0.002,0.474
belief-worker-0003,info_bargaining,1,1,18.25,18.98,18.44,0.54,0.38,0.58,3.38,0,1,0.097,0.403
belief-worker-0004,control,0,0,17.92,18.74,16.27,2.47,0.47,0.66,0.5,0,0,0.0,0.58
belief-worker-0005,outside_option_info,1,0,18.17,19.01,17.95,1.05,0.47,0.66,2.4,0,0,0.01,0.5
belief-worker-0006,bargaining_prompt,0,1,18.42,19.27,17.18,2.08,0.47,0.66,1.4,0,0,0.0,0.556
belief-worker-0007,info_bargaining,1,1,18.67,19.53,18.91,0.62,0.47,0.66,3.34,0,0,0.01,0.476
belief-worker-0008,control,0,0,18.34,19.29,17.2,2.09,0.56,0.18,0.67,0,0,0.009,0.429
belief-worker-0009,outside_option_info,1,0,18.59,19.56,18.67,0.89,0.56,0.18,2.59,0,0,0.019,0.363
belief-worker-0010,bargaining_prompt,0,1,18.84,19.82,18.06,1.76,0.56,0.18,1.57,0,0,0.009,0.409
belief-worker-0011,info_bargaining,1,1,19.09,20.08,19.56,0.52,0.56,0.18,3.56,0,0,0.019,0.342
belief-worker-0012,control,0,0,18.76,19.85,17.41,2.43,0.65,0.26,0.62,0,0,0.007,0.513
belief-worker-0013,outside_option_info,1,0,19.01,20.11,19.08,1.04,0.65,0.26,2.53,1,0,0.062,0.438
belief-worker-0014,bargaining_prompt,0,1,19.26,20.38,18.33,2.05,0.65,0.26,1.52,0,0,0.007,0.49
belief-worker-0015,info_bargaining,1,1,19.51,20.64,20.03,0.61,0.65,0.26,3.52,0,0,0.017,0.415
belief-worker-0016,control,0,0,19.18,20.41,17.62,2.78,0.74,0.34,0.57,0,0,0.006,0.597
belief-worker-0017,outside_option_info,1,0,19.43,20.67,19.49,1.18,0.74,0.34,2.48,0,0,0.016,0.513
belief-worker-0018,bargaining_prompt,0,1,19.68,20.94,18.6,2.34,0.74,0.34,1.47,0,0,0.006,0.571
belief-worker-0019,info_bargaining,1,1,19.93,21.21,20.51,0.69,0.74,0.34,3.47,0,0,0.016,0.487
belief-worker-0020,control,0,0,19.6,20.97,17.82,3.15,0.83,0.42,0.12,0,0,0.004,0.681
belief-worker-0021,outside_option_info,1,0,19.85,21.24,19.9,1.34,0.83,0.42,2.03,1,0,0.059,0.588
belief-worker-0022,bargaining_prompt,0,1,20.1,21.51,18.86,2.65,0.83,0.42,1.02,0,0,0.004,0.652
belief-worker-0023,info_bargaining,1,1,20.35,21.77,20.99,0.78,0.83,0.42,3.03,0,0,0.014,0.559
belief-worker-0024,control,0,0,20.02,21.54,19.6,1.94,0.2,0.5,0.86,0,0,0.003,0.362
belief-worker-0025,outside_option_info,1,0,20.27,21.81,20.98,0.83,0.2,0.5,2.89,0,0,0.013,0.306
belief-worker-0026,bargaining_prompt,0,1,20.52,22.08,20.45,1.63,0.2,0.5,1.76,0,0,0.003,0.345
belief-worker-0027,info_bargaining,1,1,20.77,22.35,21.86,0.48,0.2,0.5,3.86,1,0,0.058,0.288
belief-worker-0028,control,0,0,20.44,22.12,19.82,2.3,0.29,0.58,0.81,0,0,0.002,0.446
belief-worker-0029,outside_option_info,1,0,20.69,22.39,21.41,0.98,0.29,0.58,2.84,0,0,0.012,0.381
belief-worker-0030,bargaining_prompt,0,1,20.94,22.66,20.73,1.93,0.29,0.58,1.71,0,1,0.087,0.426
belief-worker-0031,info_bargaining,1,1,21.19,22.93,22.36,0.57,0.29,0.58,3.82,0,0,0.012,0.361
belief-worker-0032,control,0,0,20.86,22.7,20.03,2.67,0.38,0.66,0.76,0,0,0.0,0.53
belief-worker-0033,outside_option_info,1,0,21.11,22.97,21.83,1.13,0.38,0.66,2.79,0,0,0.01,0.456
belief-worker-0034,bargaining_prompt,0,1,21.36,23.24,21.0,2.24,0.38,0.66,1.66,0,0,0.0,0.507
belief-worker-0035,info_bargaining,1,1,21.61,23.51,22.85,0.66,0.38,0.66,3.78,1,0,0.055,0.433
belief-worker-0036,control,0,0,21.28,22.13,19.91,2.22,0.47,0.18,0.93,0,0,0.009,0.379
belief-worker-0037,outside_option_info,1,0,21.53,22.39,21.45,0.94,0.47,0.18,2.83,0,0,0.019,0.318
belief-worker-0038,bargaining_prompt,0,1,21.78,22.65,20.79,1.86,0.47,0.18,1.83,0,0,0.009,0.36
belief-worker-0039,info_bargaining,1,1,22.03,22.91,22.36,0.55,0.47,0.18,3.79,0,0,0.019,0.3
belief-worker-0040,control,0,0,21.7,22.7,20.1,2.6,0.56,0.26,0.48,1,0,0.052,0.463
belief-worker-0041,outside_option_info,1,0,21.95,22.96,21.86,1.1,0.56,0.26,2.38,0,0,0.017,0.393
belief-worker-0042,bargaining_prompt,0,1,22.2,23.22,21.04,2.18,0.56,0.26,1.38,0,0,0.007,0.441
belief-worker-0043,info_bargaining,1,1,22.45,23.48,22.84,0.65,0.56,0.26,3.35,1,0,0.062,0.372
belief-worker-0044,control,0,0,22.12,23.27,20.28,2.99,0.65,0.34,0.43,0,0,0.006,0.547
belief-worker-0045,outside_option_info,1,0,22.37,23.53,22.26,1.27,0.65,0.34,2.33,0,0,0.016,0.468
belief-worker-0046,bargaining_prompt,0,1,22.62,23.8,21.29,2.51,0.65,0.34,1.33,0,0,0.006,0.522
belief-worker-0047,info_bargaining,1,1,22.87,24.06,23.32,0.74,0.65,0.34,3.31,0,0,0.016,0.444
belief-worker-0048,control,0,0,22.54,23.85,20.45,3.4,0.74,0.42,0.38,0,0,0.004,0.631
belief-worker-0049,outside_option_info,1,0,22.79,24.11,22.67,1.44,0.74,0.42,2.28,0,0,0.014,0.543
belief-worker-0050,bargaining_prompt,0,1,23.04,24.38,21.53,2.85,0.74,0.42,1.28,0,0,0.004,0.604
belief-worker-0051,info_bargaining,1,1,23.29,24.64,23.8,0.84,0.74,0.42,3.27,1,0,0.059,0.516
belief-worker-0052,control,0,0,22.96,24.43,20.61,3.82,0.83,0.5,0.33,0,0,0.003,0.715
belief-worker-0053,outside_option_info,1,0,23.21,24.7,23.07,1.62,0.83,0.5,2.23,0,0,0.013,0.618
belief-worker-0054,bargaining_prompt,0,1,23.46,24.96,21.76,3.2,0.83,0.5,1.23,0,0,0.003,0.685
belief-worker-0055,info_bargaining,1,1,23.71,25.23,24.28,0.95,0.83,0.5,3.23,0,0,0.013,0.588
belief-worker-0056,control,0,0,23.38,25.02,22.62,2.4,0.2,0.58,1.07,0,0,0.002,0.396
belief-worker-0057,outside_option_info,1,0,23.63,25.28,24.27,1.02,0.2,0.58,3.08,0,1,0.097,0.336
belief-worker-0058,bargaining_prompt,0,1,23.88,25.55,23.54,2.01,0.2,0.58,1.97,0,0,0.002,0.377
belief-worker-0059,info_bargaining,1,1,24.13,25.82,25.22,0.59,0.2,0.58,4.07,1,0,0.057,0.318
belief-worker-0060,control,0,0,23.8,25.61,22.8,2.81,0.29,0.66,0.62,0,0,0.0,0.48
belief-worker-0061,outside_option_info,1,0,24.05,25.88,24.68,1.19,0.29,0.66,2.63,0,0,0.01,0.411
belief-worker-0062,bargaining_prompt,0,1,24.3,26.15,23.79,2.35,0.29,0.66,1.52,0,0,0.0,0.458
belief-worker-0063,info_bargaining,1,1,24.55,26.42,25.72,0.7,0.29,0.66,3.63,0,0,0.01,0.39
belief-worker-0064,control,0,0,24.22,26.21,23.92,2.29,0.38,0.18,0.79,0,0,0.009,0.328
belief-worker-0065,outside_option_info,1,0,24.47,26.48,25.51,0.97,0.38,0.18,2.88,0,0,0.019,0.274
belief-worker-0066,bargaining_prompt,0,1,24.72,26.75,24.83,1.91,0.38,0.18,1.71,0,0,0.009,0.311
belief-worker-0067,info_bargaining,1,1,24.97,27.02,26.45,0.57,0.38,0.18,3.86,1,0,0.064,0.257
belief-worker-0068,control,0,0,24.64,26.81,24.1,2.71,0.47,0.26,0.74,0,0,0.007,0.412
belief-worker-0069,outside_option_info,1,0,24.89,27.08,25.93,1.15,0.47,0.26,2.83,0,0,0.017,0.349
belief-worker-0070,bargaining_prompt,0,1,25.14,27.35,25.09,2.27,0.47,0.26,1.64,1,0,0.052,0.393
belief-worker-0071,info_bargaining,1,1,25.39,27.62,26.95,0.67,0.47,0.26,3.82,0,0,0.017,0.329
belief-worker-0072,control,0,0,25.06,26.06,22.92,3.14,0.56,0.34,0.69,0,0,0.006,0.496
belief-worker-0073,outside_option_info,1,0,25.31,26.32,24.99,1.33,0.56,0.34,2.59,0,0,0.016,0.424
belief-worker-0074,bargaining_prompt,0,1,25.56,26.58,23.95,2.63,0.56,0.34,1.59,0,0,0.006,0.474
belief-worker-0075,info_bargaining,1,1,25.81,26.84,26.07,0.78,0.56,0.34,3.53,0,0,0.016,0.401
belief-worker-0076,control,0,0,25.48,26.65,23.06,3.59,0.65,0.42,0.64,0,0,0.004,0.58
belief-worker-0077,outside_option_info,1,0,25.73,26.91,25.39,1.52,0.65,0.42,2.54,0,0,0.014,0.499
belief-worker-0078,bargaining_prompt,0,1,25.98,27.18,24.17,3.0,0.65,0.42,1.54,1,0,0.049,0.555
belief-worker-0079,info_bargaining,1,1,26.23,27.44,26.55,0.89,0.65,0.42,3.49,0,0,0.014,0.473
belief-worker-0080,control,0,0,25.9,27.25,23.2,4.05,0.74,0.5,0.19,0,0,0.003,0.664
belief-worker-0081,outside_option_info,1,0,26.15,27.51,25.79,1.72,0.74,0.5,2.09,0,0,0.013,0.574
belief-worker-0082,bargaining_prompt,0,1,26.4,27.77,24.39,3.39,0.74,0.5,1.09,0,0,0.003,0.636
belief-worker-0083,info_bargaining,1,1,26.65,28.04,27.04,1.0,0.74,0.5,3.06,0,0,0.013,0.546
belief-worker-0084,control,0,0,26.32,27.85,23.32,4.52,0.83,0.58,0.13,0,0,0.002,0.748
belief-worker-0085,outside_option_info,1,0,26.57,28.11,26.19,1.92,0.83,0.58,2.03,0,0,0.012,0.649
belief-worker-0086,bargaining_prompt,0,1,26.82,28.38,24.6,3.78,0.83,0.58,1.03,1,0,0.047,0.717
belief-worker-0087,info_bargaining,1,1,27.07,28.64,27.52,1.12,0.83,0.58,3.02,0,0,0.012,0.618
belief-worker-0088,control,0,0,26.74,28.45,25.56,2.89,0.2,0.66,0.88,0,0,0.0,0.429
belief-worker-0089,outside_option_info,1,0,26.99,28.72,27.49,1.23,0.2,0.66,2.87,0,0,0.01,0.366
belief-worker-0090,bargaining_prompt,0,1,27.24,28.98,26.57,2.42,0.2,0.66,1.78,0,0,0.0,0.41
belief-worker-0091,info_bargaining,1,1,27.49,29.25,28.54,0.71,0.2,0.66,3.86,0,0,0.01,0.347
belief-worker-0092,control,0,0,27.16,29.06,26.77,2.3,0.29,0.18,1.05,0,0,0.009,0.278
belief-worker-0093,outside_option_info,1,0,27.41,29.33,28.36,0.97,0.29,0.18,3.12,0,0,0.019,0.229
belief-worker-0094,bargaining_prompt,0,1,27.66,29.6,27.68,1.92,0.29,0.18,1.95,1,0,0.054,0.263
belief-worker-0095,info_bargaining,1,1,27.91,29.86,29.3,0.57,0.29,0.18,4.1,0,1,0.104,0.214
belief-worker-0096,control,0,0,27.58,29.68,26.92,2.76,0.38,0.26,1.0,0,0,0.007,0.362
belief-worker-0097,outside_option_info,1,0,27.83,29.95,28.78,1.17,0.38,0.26,3.07,1,0,0.062,0.304
belief-worker-0098,bargaining_prompt,0,1,28.08,30.21,27.91,2.3,0.38,0.26,1.9,0,0,0.007,0.344
belief-worker-0099,info_bargaining,1,1,28.33,30.48,29.8,0.68,0.38,0.26,4.06,0,0,0.017,0.286
belief-worker-0100,control,0,0,28.0,30.3,27.06,3.23,0.47,0.34,0.55,0,0,0.006,0.446
belief-worker-0101,outside_option_info,1,0,28.25,30.57,29.2,1.37,0.47,0.34,2.62,0,0,0.016,0.379
belief-worker-0102,bargaining_prompt,0,1,28.5,30.84,28.14,2.7,0.47,0.34,1.45,0,0,0.006,0.425
belief-worker-0103,info_bargaining,1,1,28.75,31.11,30.31,0.8,0.47,0.34,3.63,0,1,0.101,0.358
belief-worker-0104,control,0,0,28.42,30.92,27.2,3.72,0.56,0.42,0.5,0,0,0.004,0.53
belief-worker-0105,outside_option_info,1,0,28.67,31.19,29.62,1.58,0.56,0.42,2.57,1,0,0.059,0.454
belief-worker-0106,bargaining_prompt,0,1,28.92,31.46,28.36,3.11,0.56,0.42,1.4,0,0,0.004,0.506
belief-worker-0107,info_bargaining,1,1,29.17,31.74,30.82,0.92,0.56,0.42,3.59,0,0,0.014,0.43
belief-worker-0108,control,0,0,28.84,29.99,25.77,4.23,0.65,0.5,0.44,0,0,0.003,0.614
belief-worker-0109,outside_option_info,1,0,29.09,30.25,28.46,1.79,0.65,0.5,2.34,0,0,0.013,0.529
belief-worker-0110,bargaining_prompt,0,1,29.34,30.51,26.99,3.52,0.65,0.5,1.35,0,0,0.003,0.588
belief-worker-0111,info_bargaining,1,1,29.59,30.77,29.73,1.04,0.65,0.5,3.27,0,0,0.013,0.503
belief-worker-0112,control,0,0,29.26,30.61,25.87,4.74,0.74,0.58,0.39,0,0,0.002,0.698
belief-worker-0113,outside_option_info,1,0,29.51,30.87,28.86,2.01,0.74,0.58,2.29,1,0,0.057,0.604
belief-worker-0114,bargaining_prompt,0,1,29.76,31.13,27.18,3.95,0.74,0.58,1.29,0,0,0.002,0.669
belief-worker-0115,info_bargaining,1,1,30.01,31.39,30.22,1.17,0.74,0.58,3.23,0,0,0.012,0.575
belief-worker-0116,control,0,0,29.68,31.22,25.96,5.27,0.83,0.66,0.34,0,0,0.0,0.782
belief-worker-0117,outside_option_info,1,0,29.93,31.49,29.26,2.23,0.83,0.66,2.24,0,0,0.01,0.679
belief-worker-0118,bargaining_prompt,0,1,30.18,31.75,27.36,4.39,0.83,0.66,1.24,0,0,0.0,0.75
belief-worker-0119,info_bargaining,1,1,30.43,32.01,30.72,1.3,0.83,0.66,3.19,0,0,0.01,0.647
belief-worker-0120,control,0,0,30.1,31.85,29.6,2.25,0.2,0.18,0.91,0,0,0.009,0.228
belief-worker-0121,outside_option_info,1,0,30.35,32.11,31.16,0.95,0.2,0.18,2.95,1,0,0.064,0.184
belief-worker-0122,bargaining_prompt,0,1,30.6,32.37,30.5,1.87,0.2,0.18,1.81,0,1,0.094,0.214
belief-worker-0123,info_bargaining,1,1,30.85,32.64,32.09,0.55,0.2,0.18,3.93,0,0,0.019,0.171
belief-worker-0124,control,0,0,30.52,32.47,29.72,2.75,0.29,0.26,0.86,0,0,0.007,0.312
belief-worker-0125,outside_option_info,1,0,30.77,32.74,31.57,1.16,0.29,0.26,2.9,0,0,0.017,0.259
belief-worker-0126,bargaining_prompt,0,1,31.02,33.01,30.71,2.29,0.29,0.26,1.76,0,0,0.007,0.295
belief-worker-0127,info_bargaining,1,1,31.27,33.27,32.6,0.68,0.29,0.26,3.9,1,0,0.062,0.243
belief-worker-0128,control,0,0,30.94,33.11,29.84,3.27,0.38,0.34,0.81,0,0,0.006,0.396
belief-worker-0129,outside_option_info,1,0,31.19,33.37,31.99,1.38,0.38,0.34,2.85,0,0,0.016,0.334
belief-worker-0130,bargaining_prompt,0,1,31.44,33.64,30.92,2.72,0.38,0.34,1.71,0,1,0.091,0.377
belief-worker-0131,info_bargaining,1,1,31.69,33.91,33.11,0.8,0.38,0.34,3.86,0,0,0.016,0.315
belief-worker-0132,control,0,0,31.36,33.74,29.95,3.8,0.47,0.42,0.75,0,0,0.004,0.48
belief-worker-0133,outside_option_info,1,0,31.61,34.01,32.4,1.61,0.47,0.42,2.8,0,0,0.014,0.409
belief-worker-0134,bargaining_prompt,0,1,31.86,34.28,31.12,3.16,0.47,0.42,1.66,0,0,0.004,0.458
belief-worker-0135,info_bargaining,1,1,32.11,34.55,33.62,0.93,0.47,0.42,3.83,1,0,0.059,0.388
belief-worker-0136,control,0,0,31.78,34.39,30.04,4.34,0.56,0.5,0.7,0,0,0.003,0.564
belief-worker-0137,outside_option_info,1,0,32.03,34.66,32.82,1.84,0.56,0.5,2.75,0,0,0.013,0.484
belief-worker-0138,bargaining_prompt,0,1,32.28,34.93,31.31,3.62,0.56,0.5,1.6,0,0,0.003,0.539
belief-worker-0139,info_bargaining,1,1,32.53,35.2,34.13,1.07,0.56,0.5,3.79,0,0,0.013,0.46
belief-worker-0140,control,0,0,32.2,35.03,30.14,4.9,0.65,0.58,0.25,1,0,0.047,0.648
belief-worker-0141,outside_option_info,1,0,32.45,35.31,33.23,2.07,0.65,0.58,2.29,0,0,0.012,0.559
belief-worker-0142,bargaining_prompt,0,1,32.7,35.58,31.5,4.08,0.65,0.58,1.15,0,0,0.002,0.62
belief-worker-0143,info_bargaining,1,1,32.95,35.85,34.65,1.2,0.65,0.58,3.36,1,0,0.057,0.532
belief-worker-0144,control,0,0,17.5,18.2,15.27,2.93,0.74,0.66,0.2,0,0,0.0,0.732
belief-worker-0145,outside_option_info,1,0,17.75,18.46,17.21,1.25,0.74,0.66,2.1,0,0,0.01,0.634
belief-worker-0146,bargaining_prompt,0,1,18.0,18.72,16.25,2.47,0.74,0.66,1.1,0,0,0.0,0.701
belief-worker-0147,info_bargaining,1,1,18.25,18.98,18.25,0.73,0.74,0.66,3.0,0,0,0.01,0.604
belief-worker-0148,control,0,0,17.92,18.74,16.17,2.58,0.83,0.18,0.37,0,0,0.009,0.58
belief-worker-0149,outside_option_info,1,0,18.17,19.01,17.91,1.1,0.83,0.18,2.27,0,0,0.019,0.497
belief-worker-0150,bargaining_prompt,0,1,18.42,19.27,17.09,2.17,0.83,0.18,1.27,0,0,0.009,0.554
belief-worker-0151,info_bargaining,1,1,18.67,19.53,18.88,0.64,0.83,0.18,3.21,1,0,0.064,0.471
belief-worker-0152,control,0,0,18.34,19.29,17.82,1.47,0.2,0.26,1.12,0,0,0.007,0.261
belief-worker-0153,outside_option_info,1,0,18.59,19.56,18.93,0.63,0.2,0.26,3.08,0,0,0.017,0.215
belief-worker-0154,bargaining_prompt,0,1,18.84,19.82,18.58,1.24,0.2,0.26,2.02,0,0,0.007,0.247
belief-worker-0155,info_bargaining,1,1,19.09,20.08,19.72,0.37,0.2,0.26,4.03,0,0,0.017,0.2
belief-worker-0156,control,0,0,18.76,19.85,18.05,1.8,0.29,0.34,1.06,0,0,0.006,0.345
belief-worker-0157,outside_option_info,1,0,19.01,20.11,19.35,0.76,0.29,0.34,3.03,0,1,0.101,0.29
belief-worker-0158,bargaining_prompt,0,1,19.26,20.38,18.87,1.51,0.29,0.34,1.97,0,0,0.006,0.328
belief-worker-0159,info_bargaining,1,1,19.51,20.64,20.19,0.45,0.29,0.34,3.99,1,0,0.061,0.272
belief-worker-0160,control,0,0,19.18,20.41,18.27,2.13,0.38,0.42,0.61,0,0,0.004,0.429
belief-worker-0161,outside_option_info,1,0,19.43,20.67,19.77,0.91,0.38,0.42,2.57,0,0,0.014,0.365
belief-worker-0162,bargaining_prompt,0,1,19.68,20.94,19.15,1.79,0.38,0.42,1.51,0,0,0.004,0.409
belief-worker-0163,info_bargaining,1,1,19.93,21.21,20.67,0.53,0.38,0.42,3.55,0,0,0.014,0.345
belief-worker-0164,control,0,0,19.6,20.97,18.49,2.48,0.47,0.5,0.56,0,0,0.003,0.513
belief-worker-0165,outside_option_info,1,0,19.85,21.24,20.18,1.06,0.47,0.5,2.52,0,0,0.013,0.44
belief-worker-0166,bargaining_prompt,0,1,20.1,21.51,19.42,2.09,0.47,0.5,1.46,0,0,0.003,0.49
belief-worker-0167,info_bargaining,1,1,20.35,21.77,21.16,0.62,0.47,0.5,3.51,1,0,0.058,0.417
belief-worker-0168,control,0,0,20.02,21.54,18.69,2.85,0.56,0.58,0.51,0,0,0.002,0.597
belief-worker-0169,outside_option_info,1,0,20.27,21.81,20.6,1.21,0.56,0.58,2.47,0,0,0.012,0.515
belief-worker-0170,bargaining_prompt,0,1,20.52,22.08,19.69,2.39,0.56,0.58,1.41,1,0,0.047,0.572
belief-worker-0171,info_bargaining,1,1,20.77,22.35,21.64,0.71,0.56,0.58,3.47,0,0,0.012,0.489
belief-worker-0172,control,0,0,20.44,22.12,18.89,3.22,0.65,0.66,0.46,0,0,0.0,0.681
belief-worker-0173,outside_option_info,1,0,20.69,22.39,21.02,1.37,0.65,0.66,2.42,0,0,0.01,0.59
belief-worker-0174,bargaining_prompt,0,1,20.94,22.66,19.95,2.71,0.65,0.66,1.36,0,0,0.0,0.653
belief-worker-0175,info_bargaining,1,1,21.19,22.93,22.13,0.8,0.65,0.66,3.43,0,0,0.01,0.561
belief-worker-0176,control,0,0,20.86,22.7,19.9,2.8,0.74,0.18,0.63,0,0,0.009,0.53
belief-worker-0177,outside_option_info,1,0,21.11,22.97,21.78,1.19,0.74,0.18,2.65,0,0,0.019,0.452
belief-worker-0178,bargaining_prompt,0,1,21.36,23.24,20.89,2.35,0.74,0.18,1.53,1,0,0.054,0.506
belief-worker-0179,info_bargaining,1,1,21.61,23.51,22.82,0.69,0.74,0.18,3.65,0,0,0.019,0.428
belief-worker-0180,control,0,0,21.28,22.13,18.95,3.18,0.83,0.26,0.18,0,0,0.007,0.614
belief-worker-0181,outside_option_info,1,0,21.53,22.39,21.04,1.35,0.83,0.26,2.08,0,0,0.017,0.527
belief-worker-0182,bargaining_prompt,0,1,21.78,22.65,19.98,2.67,0.83,0.26,1.08,0,0,0.007,0.587
belief-worker-0183,info_bargaining,1,1,22.03,22.91,22.12,0.79,0.83,0.26,3.0,0,0,0.017,0.5
belief-worker-0184,control,0,0,21.7,22.7,20.84,1.86,0.2,0.34,0.92,0,0,0.006,0.295
belief-worker-0185,outside_option_info,1,0,21.95,22.96,22.17,0.79,0.2,0.34,2.86,0,0,0.016,0.245
belief-worker-0186,bargaining_prompt,0,1,22.2,23.22,21.66,1.56,0.2,0.34,1.82,1,0,0.051,0.279
belief-worker-0187,info_bargaining,1,1,22.45,23.48,23.02,0.46,0.2,0.34,3.83,0,1,0.101,0.23
belief-worker-0188,control,0,0,22.12,23.27,21.03,2.24,0.29,0.42,0.87,0,0,0.004,0.379
belief-worker-0189,outside_option_info,1,0,22.37,23.53,22.58,0.95,0.29,0.42,2.81,0,0,0.014,0.32
belief-worker-0190,bargaining_prompt,0,1,22.62,23.8,21.92,1.88,0.29,0.42,1.77,0,0,0.004,0.361
belief-worker-0191,info_bargaining,1,1,22.87,24.06,23.5,0.56,0.29,0.42,3.79,0,0,0.014,0.302
belief-worker-0192,control,0,0,22.54,23.85,21.21,2.63,0.38,0.5,0.82,0,0,0.003,0.463
belief-worker-0193,outside_option_info,1,0,22.79,24.11,22.99,1.12,0.38,0.5,2.76,0,0,0.013,0.395
belief-worker-0194,bargaining_prompt,0,1,23.04,24.38,22.17,2.21,0.38,0.5,1.72,1,0,0.048,0.442
belief-worker-0195,info_bargaining,1,1,23.29,24.64,23.99,0.65,0.38,0.5,3.75,0,1,0.098,0.374
belief-worker-0196,control,0,0,22.96,24.43,21.39,3.04,0.47,0.58,0.77,0,0,0.002,0.547
belief-worker-0197,outside_option_info,1,0,23.21,24.7,23.41,1.29,0.47,0.58,2.71,0,0,0.012,0.47
belief-worker-0198,bargaining_prompt,0,1,23.46,24.96,22.42,2.55,0.47,0.58,1.67,0,0,0.002,0.523
belief-worker-0199,info_bargaining,1,1,23.71,25.23,24.47,0.75,0.47,0.58,3.71,0,0,0.012,0.446
belief-worker-0200,control,0,0,23.38,25.02,21.56,3.46,0.56,0.66,0.32,0,0,0.0,0.631
belief-worker-0201,outside_option_info,1,0,23.63,25.28,23.82,1.47,0.56,0.66,2.25,0,0,0.01,0.545
belief-worker-0202,bargaining_prompt,0,1,23.88,25.55,22.66,2.89,0.56,0.66,1.22,0,0,0.0,0.604
belief-worker-0203,info_bargaining,1,1,24.13,25.82,24.96,0.86,0.56,0.66,3.27,0,1,0.095,0.518
belief-worker-0204,control,0,0,23.8,25.61,22.66,2.95,0.65,0.18,0.49,0,0,0.009,0.48
belief-worker-0205,outside_option_info,1,0,24.05,25.88,24.62,1.25,0.65,0.18,2.5,1,0,0.064,0.408
belief-worker-0206,bargaining_prompt,0,1,24.3,26.15,23.67,2.47,0.65,0.18,1.39,0,0,0.009,0.457
belief-worker-0207,info_bargaining,1,1,24.55,26.42,25.68,0.73,0.65,0.18,3.5,0,0,0.019,0.385
belief-worker-0208,control,0,0,24.22,26.21,22.82,3.38,0.74,0.26,0.44,0,0,0.007,0.564
belief-worker-0209,outside_option_info,1,0,24.47,26.48,25.04,1.43,0.74,0.26,2.44,0,0,0.017,0.483
belief-worker-0210,bargaining_prompt,0,1,24.72,26.75,23.92,2.83,0.74,0.26,1.34,0,0,0.007,0.538
belief-worker-0211,info_bargaining,1,1,24.97,27.02,26.18,0.84,0.74,0.26,3.46,0,0,0.017,0.458
belief-worker-0212,control,0,0,24.64,26.81,22.99,3.82,0.83,0.34,0.39,0,0,0.006,0.648
belief-worker-0213,outside_option_info,1,0,24.89,27.08,25.46,1.62,0.83,0.34,2.39,1,0,0.061,0.558
belief-worker-0214,bargaining_prompt,0,1,25.14,27.35,24.15,3.2,0.83,0.34,1.29,0,0,0.006,0.62
belief-worker-0215,info_bargaining,1,1,25.39,27.62,26.68,0.95,0.83,0.34,3.42,0,0,0.016,0.53
belief-worker-0216,control,0,0,25.06,26.06,23.77,2.29,0.2,0.42,1.13,0,0,0.004,0.328
belief-worker-0217,outside_option_info,1,0,25.31,26.32,25.35,0.97,0.2,0.42,3.04,0,0,0.014,0.275
belief-worker-0218,bargaining_prompt,0,1,25.56,26.58,24.67,1.92,0.2,0.42,2.03,0,0,0.004,0.312
belief-worker-0219,info_bargaining,1,1,25.81,26.84,26.28,0.57,0.2,0.42,4.02,0,0,0.014,0.259
belief-worker-0220,control,0,0,25.48,26.65,23.93,2.72,0.29,0.5,0.68,0,0,0.003,0.412
belief-worker-0221,outside_option_info,1,0,25.73,26.91,25.76,1.16,0.29,0.5,2.59,1,0,0.058,0.35
belief-worker-0222,bargaining_prompt,0,1,25.98,27.18,24.9,2.28,0.29,0.5,1.58,0,0,0.003,0.393
belief-worker-0223,info_bargaining,1,1,26.23,27.44,26.76,0.67,0.29,0.5,3.58,0,0,0.013,0.331
belief-worker-0224,control,0,0,25.9,27.25,24.08,3.17,0.38,0.58,0.63,0,0,0.002,0.496
belief-worker-0225,outside_option_info,1,0,26.15,27.51,26.17,1.34,0.38,0.58,2.53,0,0,0.012,0.425
belief-worker-0226,bargaining_prompt,0,1,26.4,27.77,25.12,2.65,0.38,0.58,1.53,0,0,0.002,0.474
belief-worker-0227,info_bargaining,1,1,26.65,28.04,27.25,0.78,0.38,0.58,3.54,1,0,0.057,0.403
belief-worker-0228,control,0,0,26.32,27.85,24.22,3.63,0.47,0.66,0.58,0,0,0.0,0.58
belief-worker-0229,outside_option_info,1,0,26.57,28.11,26.57,1.54,0.47,0.66,2.48,0,0,0.01,0.5
belief-worker-0230,bargaining_prompt,0,1,26.82,28.38,25.34,3.03,0.47,0.66,1.48,0,0,0.0,0.556
belief-worker-0231,info_bargaining,1,1,27.07,28.64,27.74,0.9,0.47,0.66,3.5,0,0,0.01,0.476
belief-worker-0232,control,0,0,26.74,28.45,25.4,3.05,0.56,0.18,0.75,0,0,0.009,0.429
belief-worker-0233,outside_option_info,1,0,26.99,28.72,27.42,1.29,0.56,0.18,2.73,0,0,0.019,0.363
belief-worker-0234,bargaining_prompt,0,1,27.24,28.98,26.43,2.55,0.56,0.18,1.65,0,0,0.009,0.409
belief-worker-0235,info_bargaining,1,1,27.49,29.25,28.5,0.75,0.56,0.18,3.73,1,0,0.064,0.342
belief-worker-0236,control,0,0,27.16,29.06,25.54,3.52,0.65,0.26,0.7,0,0,0.007,0.513
belief-worker-0237,outside_option_info,1,0,27.41,29.33,27.84,1.49,0.65,0.26,2.68,0,0,0.017,0.438
belief-worker-0238,bargaining_prompt,0,1,27.66,29.6,26.65,2.94,0.65,0.26,1.6,0,0,0.007,0.49
belief-worker-0239,info_bargaining,1,1,27.91,29.86,28.99,0.87,0.65,0.26,3.7,0,0,0.017,0.415
belief-worker-0240,control,0,0,27.58,29.68,25.67,4.0,0.74,0.34,0.25,1,0,0.051,0.597
belief-worker-0241,outside_option_info,1,0,27.83,29.95,28.25,1.7,0.74,0.34,2.23,0,0,0.016,0.513
belief-worker-0242,bargaining_prompt,0,1,28.08,30.21,26.87,3.34,0.74,0.34,1.15,0,0,0.006,0.571
belief-worker-0243,info_bargaining,1,1,28.33,30.48,29.5,0.99,0.74,0.34,3.26,1,0,0.061,0.487
belief-worker-0244,control,0,0,28.0,30.3,25.8,4.5,0.83,0.42,0.2,0,0,0.004,0.681
belief-worker-0245,outside_option_info,1,0,28.25,30.57,28.66,1.91,0.83,0.42,2.17,0,0,0.014,0.588
belief-worker-0246,bargaining_prompt,0,1,28.5,30.84,27.08,3.76,0.83,0.42,1.1,0,0,0.004,0.652
belief-worker-0247,info_bargaining,1,1,28.75,31.11,30.0,1.11,0.83,0.42,3.22,0,0,0.014,0.559
belief-worker-0248,control,0,0,28.42,30.92,28.16,2.76,0.2,0.5,0.94,0,0,0.003,0.362
belief-worker-0249,outside_option_info,1,0,28.67,31.19,30.02,1.17,0.2,0.5,3.08,0,1,0.098,0.306
belief-worker-0250,bargaining_prompt,0,1,28.92,31.46,29.16,2.3,0.2,0.5,1.88,0,0,0.003,0.345
belief-worker-0251,info_bargaining,1,1,29.17,31.74,31.06,0.68,0.2,0.5,4.08,1,0,0.058,0.288
belief-worker-0252,control,0,0,28.84,29.99,26.75,3.24,0.29,0.58,0.89,0,0,0.002,0.446
belief-worker-0253,outside_option_info,1,0,29.09,30.25,28.88,1.37,0.29,0.58,2.79,0,0,0.012,0.381
belief-worker-0254,bargaining_prompt,0,1,29.34,30.51,27.81,2.71,0.29,0.58,1.79,0,0,0.002,0.426
belief-worker-0255,info_bargaining,1,1,29.59,30.77,29.97,0.8,0.29,0.58,3.76,0,0,0.012,0.361
belief-worker-0256,control,0,0,29.26,30.61,26.86,3.75,0.38,0.66,0.84,0,0,0.0,0.53
belief-worker-0257,outside_option_info,1,0,29.51,30.87,29.28,1.59,0.38,0.66,2.74,0,1,0.095,0.456
belief-worker-0258,bargaining_prompt,0,1,29.76,31.13,28.01,3.12,0.38,0.66,1.74,0,0,0.0,0.507
belief-worker-0259,info_bargaining,1,1,30.01,31.39,30.47,0.92,0.38,0.66,3.72,1,0,0.055,0.433
belief-worker-0260,control,0,0,29.68,31.22,28.13,3.1,0.47,0.18,0.61,0,0,0.009,0.379
belief-worker-0261,outside_option_info,1,0,29.93,31.49,30.18,1.31,0.47,0.18,2.56,0,0,0.019,0.318
belief-worker-0262,bargaining_prompt,0,1,30.18,31.75,29.17,2.58,0.47,0.18,1.51,1,0,0.054,0.36
belief-worker-0263,info_bargaining,1,1,30.43,32.01,31.25,0.76,0.47,0.18,3.56,0,0,0.019,0.3
belief-worker-0264,control,0,0,30.1,31.85,28.24,3.61,0.56,0.26,0.56,0,0,0.007,0.463
belief-worker-0265,outside_option_info,1,0,30.35,32.11,30.58,1.53,0.56,0.26,2.5,0,0,0.017,0.393
belief-worker-0266,bargaining_prompt,0,1,30.6,32.37,29.37,3.01,0.56,0.26,1.46,0,0,0.007,0.441
belief-worker-0267,info_bargaining,1,1,30.85,32.64,31.75,0.89,0.56,0.26,3.52,1,0,0.062,0.372
belief-worker-0268,control,0,0,30.52,32.47,28.34,4.13,0.65,0.34,0.51,0,0,0.006,0.547
belief-worker-0269,outside_option_info,1,0,30.77,32.74,30.99,1.75,0.65,0.34,2.45,0,0,0.016,0.468
belief-worker-0270,bargaining_prompt,0,1,31.02,33.01,29.56,3.44,0.65,0.34,1.41,1,0,0.051,0.522
belief-worker-0271,info_bargaining,1,1,31.27,33.27,32.26,1.02,0.65,0.34,3.49,0,0,0.016,0.444
belief-worker-0272,control,0,0,30.94,33.11,28.44,4.67,0.74,0.42,0.46,0,0,0.004,0.631
belief-worker-0273,outside_option_info,1,0,31.19,33.37,31.4,1.98,0.74,0.42,2.4,0,0,0.014,0.543
belief-worker-0274,bargaining_prompt,0,1,31.44,33.64,29.75,3.89,0.74,0.42,1.36,0,0,0.004,0.604
belief-worker-0275,info_bargaining,1,1,31.69,33.91,32.76,1.15,0.74,0.42,3.45,0,0,0.014,0.516
belief-worker-0276,control,0,0,31.36,33.74,28.53,5.22,0.83,0.5,0.41,0,0,0.003,0.715
belief-worker-0277,outside_option_info,1,0,31.61,34.01,31.8,2.21,0.83,0.5,2.34,0,0,0.013,0.618
belief-worker-0278,bargaining_prompt,0,1,31.86,34.28,29.94,4.34,0.83,0.5,1.31,1,0,0.048,0.685
belief-worker-0279,info_bargaining,1,1,32.11,34.55,33.27,1.28,0.83,0.5,3.42,0,0,0.013,0.588
belief-worker-0280,control,0,0,31.78,34.39,31.13,3.26,0.2,0.58,0.75,0,0,0.002,0.396
belief-worker-0281,outside_option_info,1,0,32.03,34.66,33.28,1.38,0.2,0.58,2.87,0,0,0.012,0.336
belief-worker-0282,bargaining_prompt,0,1,32.28,34.93,32.21,2.72,0.2,0.58,1.65,0,0,0.002,0.377
belief-worker-0283,info_bargaining,1,1,32.53,35.2,34.4,0.8,0.2,0.58,3.88,0,0,0.012,0.318
belief-worker-0284,control,0,0,32.2,35.03,31.23,3.8,0.29,0.66,0.7,0,0,0.0,0.48
belief-worker-0285,outside_option_info,1,0,32.45,35.31,33.7,1.61,0.29,0.66,2.82,0,0,0.01,0.411
belief-worker-0286,bargaining_prompt,0,1,32.7,35.58,32.41,3.17,0.29,0.66,1.6,1,0,0.045,0.458
belief-worker-0287,info_bargaining,1,1,32.95,35.85,34.92,0.93,0.29,0.66,3.85,0,1,0.095,0.39
belief-worker-0288,control,0,0,17.5,18.2,16.55,1.65,0.38,0.18,0.87,0,0,0.009,0.328
belief-worker-0289,outside_option_info,1,0,17.75,18.46,17.76,0.7,0.38,0.18,2.77,0,0,0.019,0.274
belief-worker-0290,bargaining_prompt,0,1,18.0,18.72,17.33,1.39,0.38,0.18,1.77,0,0,0.009,0.311
belief-worker-0291,info_bargaining,1,1,18.25,18.98,18.57,0.41,0.38,0.18,3.73,0,0,0.019,0.257
belief-worker-0292,control,0,0,17.92,18.74,16.77,1.97,0.47,0.26,0.82,0,0,0.007,0.412
belief-worker-0293,outside_option_info,1,0,18.17,19.01,18.17,0.84,0.47,0.26,2.72,0,0,0.017,0.349
belief-worker-0294,bargaining_prompt,0,1,18.42,19.27,17.61,1.66,0.47,0.26,1.72,1,0,0.052,0.393
belief-worker-0295,info_bargaining,1,1,18.67,19.53,19.04,0.49,0.47,0.26,3.68,0,1,0.102,0.329
belief-worker-0296,control,0,0,18.34,19.29,16.99,2.3,0.56,0.34,0.77,0,0,0.006,0.496
belief-worker-0297,outside_option_info,1,0,18.59,19.56,18.58,0.98,0.56,0.34,2.67,0,0,0.016,0.424
belief-worker-0298,bargaining_prompt,0,1,18.84,19.82,17.88,1.94,0.56,0.34,1.67,0,0,0.006,0.474
belief-worker-0299,info_bargaining,1,1,19.09,20.08,19.51,0.57,0.56,0.34,3.64,0,0,0.016,0.401
belief-worker-0300,control,0,0,18.76,19.85,17.2,2.64,0.65,0.42,0.32,0,0,0.004,0.58
belief-worker-0301,outside_option_info,1,0,19.01,20.11,18.99,1.12,0.65,0.42,2.22,0,0,0.014,0.499
belief-worker-0302,bargaining_prompt,0,1,19.26,20.38,18.15,2.23,0.65,0.42,1.22,0,0,0.004,0.555
belief-worker-0303,info_bargaining,1,1,19.51,20.64,19.98,0.66,0.65,0.42,3.2,0,1,0.099,0.473
belief-worker-0304,control,0,0,19.18,20.41,17.41,3.0,0.74,0.5,0.27,0,0,0.003,0.664
belief-worker-0305,outside_option_info,1,0,19.43,20.67,19.4,1.28,0.74,0.5,2.17,1,0,0.058,0.574
belief-worker-0306,bargaining_prompt,0,1,19.68,20.94,18.42,2.52,0.74,0.5,1.17,0,0,0.003,0.636
belief-worker-0307,info_bargaining,1,1,19.93,21.21,20.46,0.75,0.74,0.5,3.16,0,0,0.013,0.546
belief-worker-0308,control,0,0,19.6,20.97,17.6,3.37,0.83,0.58,0.21,0,0,0.002,0.748
belief-worker-0309,outside_option_info,1,0,19.85,21.24,19.81,1.43,0.83,0.58,2.11,0,0,0.012,0.649
belief-worker-0310,bargaining_prompt,0,1,20.1,21.51,18.67,2.83,0.83,0.58,1.11,0,0,0.002,0.717
belief-worker-0311,info_bargaining,1,1,20.35,21.77,20.93,0.84,0.83,0.58,3.12,0,0,0.012,0.618
belief-worker-0312,control,0,0,20.02,21.54,19.38,2.17,0.2,0.66,0.96,0,0,0.0,0.429
belief-worker-0313,outside_option_info,1,0,20.27,21.81,20.89,0.92,0.2,0.66,2.97,1,0,0.055,0.366
belief-worker-0314,bargaining_prompt,0,1,20.52,22.08,20.26,1.82,0.2,0.66,1.86,0,0,0.0,0.41
belief-worker-0315,info_bargaining,1,1,20.77,22.35,21.81,0.54,0.2,0.66,3.94,0,0,0.01,0.347
belief-worker-0316,control,0,0,20.44,22.12,20.39,1.73,0.29,0.18,1.13,0,0,0.009,0.278
belief-worker-0317,outside_option_info,1,0,20.69,22.39,21.65,0.73,0.29,0.18,3.2,0,0,0.019,0.229
belief-worker-0318,bargaining_prompt,0,1,20.94,22.66,21.21,1.45,0.29,0.18,2.08,0,0,0.009,0.263
belief-worker-0319,info_bargaining,1,1,21.19,22.93,22.5,0.43,0.29,0.18,4.16,1,0,0.064,0.214
belief-worker-0320,control,0,0,20.86,22.7,20.61,2.09,0.38,0.26,0.68,0,0,0.007,0.362
belief-worker-0321,outside_option_info,1,0,21.11,22.97,22.08,0.89,0.38,0.26,2.75,1,0,0.062,0.304
belief-worker-0322,bargaining_prompt,0,1,21.36,23.24,21.49,1.75,0.38,0.26,1.6,0,0,0.007,0.344
belief-worker-0323,info_bargaining,1,1,21.61,23.51,22.99,0.52,0.38,0.26,3.73,0,0,0.017,0.286
belief-worker-0324,control,0,0,21.28,22.13,19.67,2.46,0.47,0.34,0.63,0,0,0.006,0.446
belief-worker-0325,outside_option_info,1,0,21.53,22.39,21.35,1.04,0.47,0.34,2.53,0,0,0.016,0.379
belief-worker-0326,bargaining_prompt,0,1,21.78,22.65,20.59,2.06,0.47,0.34,1.53,0,0,0.006,0.425
belief-worker-0327,info_bargaining,1,1,22.03,22.91,22.3,0.61,0.47,0.34,3.48,1,0,0.061,0.358
belief-worker-0328,control,0,0,21.7,22.7,19.86,2.84,0.56,0.42,0.58,0,0,0.004,0.53
belief-worker-0329,outside_option_info,1,0,21.95,22.96,21.75,1.21,0.56,0.42,2.48,0,0,0.014,0.454
belief-worker-0330,bargaining_prompt,0,1,22.2,23.22,20.84,2.38,0.56,0.42,1.48,0,0,0.004,0.506
belief-worker-0331,info_bargaining,1,1,22.45,23.48,22.78,0.71,0.56,0.42,3.43,0,0,0.014,0.43
belief-worker-0332,control,0,0,22.12,23.27,20.03,3.24,0.65,0.5,0.52,0,0,0.003,0.614
belief-worker-0333,outside_option_info,1,0,22.37,23.53,22.16,1.38,0.65,0.5,2.42,0,0,0.013,0.529
belief-worker-0334,bargaining_prompt,0,1,22.62,23.8,21.08,2.72,0.65,0.5,1.43,0,0,0.003,0.588
belief-worker-0335,info_bargaining,1,1,22.87,24.06,23.26,0.8,0.65,0.5,3.39,1,0,0.058,0.503
belief-worker-0336,control,0,0,22.54,23.85,20.2,3.65,0.74,0.58,0.47,0,0,0.002,0.698
belief-worker-0337,outside_option_info,1,0,22.79,24.11,22.56,1.55,0.74,0.58,2.37,0,0,0.012,0.604
belief-worker-0338,bargaining_prompt,0,1,23.04,24.38,21.32,3.06,0.74,0.58,1.37,0,0,0.002,0.669
belief-worker-0339,info_bargaining,1,1,23.29,24.64,23.74,0.91,0.74,0.58,3.35,0,0,0.012,0.575
belief-worker-0340,control,0,0,22.96,24.43,20.35,4.08,0.83,0.66,0.02,0,0,0.0,0.782
belief-worker-0341,outside_option_info,1,0,23.21,24.7,22.97,1.73,0.83,0.66,1.92,0,0,0.01,0.679
belief-worker-0342,bargaining_prompt,0,1,23.46,24.96,21.55,3.41,0.83,0.66,0.92,0,0,0.0,0.75
belief-worker-0343,info_bargaining,1,1,23.71,25.23,24.22,1.01,0.83,0.66,2.91,1,0,0.055,0.647
belief-worker-0344,control,0,0,23.38,25.02,23.27,1.74,0.2,0.18,0.99,0,0,0.009,0.228
belief-worker-0345,outside_option_info,1,0,23.63,25.28,24.54,0.74,0.2,0.18,3.05,0,0,0.019,0.184
belief-worker-0346,bargaining_prompt,0,1,23.88,25.55,24.09,1.46,0.2,0.18,1.93,0,0,0.009,0.214
belief-worker-0347,info_bargaining,1,1,24.13,25.82,25.39,0.43,0.2,0.18,4.01,0,0,0.019,0.171
belief-worker-0348,control,0,0,23.8,25.61,23.46,2.14,0.29,0.26,0.94,0,0,0.007,0.312
belief-worker-0349,outside_option_info,1,0,24.05,25.88,24.97,0.91,0.29,0.26,3.0,0,1,0.102,0.259
belief-worker-0350,bargaining_prompt,0,1,24.3,26.15,24.35,1.8,0.29,0.26,1.85,0,0,0.007,0.295
belief-worker-0351,info_bargaining,1,1,24.55,26.42,25.88,0.53,0.29,0.26,3.98,1,0,0.062,0.243
belief-worker-0352,control,0,0,24.22,26.21,23.65,2.56,0.38,0.34,0.89,0,0,0.006,0.396
belief-worker-0353,outside_option_info,1,0,24.47,26.48,25.39,1.09,0.38,0.34,2.95,0,0,0.016,0.334
belief-worker-0354,bargaining_prompt,0,1,24.72,26.75,24.61,2.14,0.38,0.34,1.79,0,0,0.006,0.377
belief-worker-0355,info_bargaining,1,1,24.97,27.02,26.38,0.63,0.38,0.34,3.94,0,0,0.016,0.315
belief-worker-0356,control,0,0,24.64,26.81,23.82,2.98,0.47,0.42,0.83,0,0,0.004,0.48
belief-worker-0357,outside_option_info,1,0,24.89,27.08,25.81,1.27,0.47,0.42,2.9,0,1,0.099,0.409
belief-worker-0358,bargaining_prompt,0,1,25.14,27.35,24.86,2.5,0.47,0.42,1.74,0,0,0.004,0.458
belief-worker-0359,info_bargaining,1,1,25.39,27.62,26.89,0.74,0.47,0.42,3.9,1,0,0.059,0.388
belief-worker-0360,control,0,0,25.06,26.06,22.64,3.42,0.56,0.5,0.38,0,0,0.003,0.564
belief-worker-0361,outside_option_info,1,0,25.31,26.32,24.87,1.45,0.56,0.5,2.28,0,0,0.013,0.484
belief-worker-0362,bargaining_prompt,0,1,25.56,26.58,23.72,2.86,0.56,0.5,1.28,0,0,0.003,0.539
belief-worker-0363,info_bargaining,1,1,25.81,26.84,26.0,0.85,0.56,0.5,3.22,0,0,0.013,0.46
belief-worker-0364,control,0,0,25.48,26.65,22.78,3.88,0.65,0.58,0.33,0,0,0.002,0.648
belief-worker-0365,outside_option_info,1,0,25.73,26.91,25.27,1.64,0.65,0.58,2.23,0,0,0.012,0.559
belief-worker-0366,bargaining_prompt,0,1,25.98,27.18,23.93,3.24,0.65,0.58,1.23,0,0,0.002,0.62
belief-worker-0367,info_bargaining,1,1,26.23,27.44,26.48,0.96,0.65,0.58,3.18,1,0,0.057,0.532
belief-worker-0368,control,0,0,25.9,27.25,22.91,4.34,0.74,0.66,0.28,0,0,0.0,0.732
belief-worker-0369,outside_option_info,1,0,26.15,27.51,25.67,1.84,0.74,0.66,2.18,0,0,0.01,0.634
belief-worker-0370,bargaining_prompt,0,1,26.4,27.77,24.14,3.63,0.74,0.66,1.18,1,0,0.045,0.701
belief-worker-0371,info_bargaining,1,1,26.65,28.04,26.96,1.07,0.74,0.66,3.14,0,0,0.01,0.604
belief-worker-0372,control,0,0,26.32,27.85,24.06,3.79,0.83,0.18,0.45,0,0,0.009,0.58
belief-worker-0373,outside_option_info,1,0,26.57,28.11,26.51,1.61,0.83,0.18,2.35,0,0,0.019,0.497
belief-worker-0374,bargaining_prompt,0,1,26.82,28.38,25.21,3.16,0.83,0.18,1.35,0,0,0.009,0.554
belief-worker-0375,info_bargaining,1,1,27.07,28.64,27.71,0.93,0.83,0.18,3.37,0,0,0.019,0.471
belief-worker-0376,control,0,0,26.74,28.45,26.31,2.14,0.2,0.26,1.2,0,1,0.092,0.261
belief-worker-0377,outside_option_info,1,0,26.99,28.72,27.81,0.91,0.2,0.26,3.24,0,0,0.017,0.215
belief-worker-0378,bargaining_prompt,0,1,27.24,28.98,27.19,1.79,0.2,0.26,2.1,1,0,0.052,0.247
belief-worker-0379,info_bargaining,1,1,27.49,29.25,28.72,0.53,0.2,0.26,4.22,0,1,0.102,0.2
belief-worker-0380,control,0,0,27.16,29.06,26.46,2.6,0.29,0.34,0.74,0,0,0.006,0.345
belief-worker-0381,outside_option_info,1,0,27.41,29.33,28.23,1.1,0.29,0.34,2.79,0,0,0.016,0.29
belief-worker-0382,bargaining_prompt,0,1,27.66,29.6,27.43,2.17,0.29,0.34,1.65,0,0,0.006,0.328
belief-worker-0383,info_bargaining,1,1,27.91,29.86,29.22,0.64,0.29,0.34,3.78,0,0,0.016,0.272
belief-worker-0384,control,0,0,27.58,29.68,26.61,3.07,0.38,0.42,0.69,0,0,0.004,0.429
belief-worker-0385,outside_option_info,1,0,27.83,29.95,28.65,1.3,0.38,0.42,2.74,0,0,0.014,0.365
belief-worker-0386,bargaining_prompt,0,1,28.08,30.21,27.65,2.56,0.38,0.42,1.59,1,0,0.049,0.409
belief-worker-0387,info_bargaining,1,1,28.33,30.48,29.73,0.76,0.38,0.42,3.75,0,1,0.099,0.345
belief-worker-0388,control,0,0,28.0,30.3,26.75,3.55,0.47,0.5,0.64,0,0,0.003,0.513
belief-worker-0389,outside_option_info,1,0,28.25,30.57,29.06,1.5,0.47,0.5,2.69,0,0,0.013,0.44
belief-worker-0390,bargaining_prompt,0,1,28.5,30.84,27.88,2.96,0.47,0.5,1.54,0,0,0.003,0.49
belief-worker-0391,info_bargaining,1,1,28.75,31.11,30.23,0.87,0.47,0.5,3.71,0,0,0.013,0.417
belief-worker-0392,control,0,0,28.42,30.92,26.88,4.04,0.56,0.58,0.59,0,0,0.002,0.597
belief-worker-0393,outside_option_info,1,0,28.67,31.19,29.48,1.71,0.56,0.58,2.64,0,0,0.012,0.515
belief-worker-0394,bargaining_prompt,0,1,28.92,31.46,28.09,3.37,0.56,0.58,1.49,1,0,0.047,0.572
belief-worker-0395,info_bargaining,1,1,29.17,31.74,30.74,1.0,0.56,0.58,3.67,0,1,0.097,0.489
belief-worker-0396,control,0,0,28.84,29.99,25.45,4.55,0.65,0.66,0.54,0,0,0.0,0.681
belief-worker-0397,outside_option_info,1,0,29.09,30.25,28.33,1.93,0.65,0.66,2.44,0,0,0.01,0.59
belief-worker-0398,bargaining_prompt,0,1,29.34,30.51,26.72,3.79,0.65,0.66,1.44,0,0,0.0,0.653
belief-worker-0399,info_bargaining,1,1,29.59,30.77,29.65,1.12,0.65,0.66,3.35,0,0,0.01,0.561
belief-worker-0400,control,0,0,29.26,30.61,26.69,3.92,0.74,0.18,0.31,0,0,0.009,0.53
belief-worker-0401,outside_option_info,1,0,29.51,30.87,29.21,1.66,0.74,0.18,2.21,0,0,0.019,0.452
belief-worker-0402,bargaining_prompt,0,1,29.76,31.13,27.86,3.27,0.74,0.18,1.21,0,0,0.009,0.506
belief-worker-0403,info_bargaining,1,1,30.01,31.39,30.43,0.97,0.74,0.18,3.19,0,1,0.104,0.428
belief-worker-0404,control,0,0,29.68,31.22,26.79,4.44,0.83,0.26,0.26,0,0,0.007,0.614
belief-worker-0405,outside_option_info,1,0,29.93,31.49,29.61,1.88,0.83,0.26,2.16,1,0,0.062,0.527
belief-worker-0406,bargaining_prompt,0,1,30.18,31.75,28.05,3.7,0.83,0.26,1.16,0,0,0.007,0.587
belief-worker-0407,info_bargaining,1,1,30.43,32.01,30.92,1.09,0.83,0.26,3.15,0,0,0.017,0.5
belief-worker-0408,control,0,0,30.1,31.85,29.26,2.58,0.2,0.34,1.0,0,0,0.006,0.295
belief-worker-0409,outside_option_info,1,0,30.35,32.11,31.02,1.09,0.2,0.34,3.02,0,0,0.016,0.245
belief-worker-0410,bargaining_prompt,0,1,30.6,32.37,30.22,2.15,0.2,0.34,1.9,0,0,0.006,0.279
belief-worker-0411,info_bargaining,1,1,30.85,32.64,32.0,0.64,0.2,0.34,4.01,0,0,0.016,0.23
belief-worker-0412,control,0,0,30.52,32.47,29.38,3.09,0.29,0.42,0.95,0,0,0.004,0.379
belief-worker-0413,outside_option_info,1,0,30.77,32.74,31.43,1.31,0.29,0.42,2.97,1,0,0.059,0.32
belief-worker-0414,bargaining_prompt,0,1,31.02,33.01,30.43,2.58,0.29,0.42,1.85,0,0,0.004,0.361
belief-worker-0415,info_bargaining,1,1,31.27,33.27,32.51,0.76,0.29,0.42,3.98,0,0,0.014,0.302
belief-worker-0416,control,0,0,30.94,33.11,29.49,3.61,0.38,0.5,0.9,0,0,0.003,0.463
belief-worker-0417,outside_option_info,1,0,31.19,33.37,31.84,1.53,0.38,0.5,2.92,0,0,0.013,0.395
belief-worker-0418,bargaining_prompt,0,1,31.44,33.64,30.63,3.01,0.38,0.5,1.8,0,0,0.003,0.442
belief-worker-0419,info_bargaining,1,1,31.69,33.91,33.02,0.89,0.38,0.5,3.94,1,0,0.058,0.374
belief-worker-0420,control,0,0,31.36,33.74,29.59,4.15,0.47,0.58,0.45,0,0,0.002,0.547
belief-worker-0421,outside_option_info,1,0,31.61,34.01,32.26,1.76,0.47,0.58,2.47,1,0,0.057,0.47
belief-worker-0422,bargaining_prompt,0,1,31.86,34.28,30.82,3.46,0.47,0.58,1.35,0,0,0.002,0.523
belief-worker-0423,info_bargaining,1,1,32.11,34.55,33.53,1.02,0.47,0.58,3.51,0,0,0.012,0.446
belief-worker-0424,control,0,0,31.78,34.39,29.69,4.7,0.56,0.66,0.4,0,0,0.0,0.631
belief-worker-0425,outside_option_info,1,0,32.03,34.66,32.67,1.99,0.56,0.66,2.41,0,0,0.01,0.545
belief-worker-0426,bargaining_prompt,0,1,32.28,34.93,31.01,3.91,0.56,0.66,1.3,0,0,0.0,0.604
belief-worker-0427,info_bargaining,1,1,32.53,35.2,34.04,1.15,0.56,0.66,3.47,1,0,0.055,0.518
belief-worker-0428,control,0,0,32.2,35.03,31.04,4.0,0.65,0.18,0.57,0,0,0.009,0.48
belief-worker-0429,outside_option_info,1,0,32.45,35.31,33.61,1.69,0.65,0.18,2.68,0,0,0.019,0.408
belief-worker-0430,bargaining_prompt,0,1,32.7,35.58,32.25,3.33,0.65,0.18,1.47,0,1,0.094,0.457
belief-worker-0431,info_bargaining,1,1,32.95,35.85,34.87,0.98,0.65,0.18,3.72,0,0,0.019,0.385
belief-worker-0432,control,0,0,17.5,18.2,15.76,2.44,0.74,0.26,0.52,0,0,0.007,0.564
belief-worker-0433,outside_option_info,1,0,17.75,18.46,17.42,1.04,0.74,0.26,2.42,0,0,0.017,0.483
belief-worker-0434,bargaining_prompt,0,1,18.0,18.72,16.66,2.06,0.74,0.26,1.42,0,0,0.007,0.538
belief-worker-0435,info_bargaining,1,1,18.25,18.98,18.37,0.61,0.74,0.26,3.34,1,0,0.062,0.458
belief-worker-0436,control,0,0,17.92,18.74,15.96,2.78,0.83,0.34,0.47,0,0,0.006,0.648
belief-worker-0437,outside_option_info,1,0,18.17,19.01,17.82,1.18,0.83,0.34,2.37,0,0,0.016,0.558
belief-worker-0438,bargaining_prompt,0,1,18.42,19.27,16.92,2.34,0.83,0.34,1.37,0,0,0.006,0.62
belief-worker-0439,info_bargaining,1,1,18.67,19.53,18.83,0.69,0.83,0.34,3.3,0,0,0.016,0.53
belief-worker-0440,control,0,0,18.34,19.29,17.62,1.68,0.2,0.42,0.81,1,0,0.049,0.328
belief-worker-0441,outside_option_info,1,0,18.59,19.56,18.84,0.71,0.2,0.42,2.76,0,1,0.099,0.275
belief-worker-0442,bargaining_prompt,0,1,18.84,19.82,18.41,1.41,0.2,0.42,1.71,0,0,0.004,0.312
belief-worker-0443,info_bargaining,1,1,19.09,20.08,19.66,0.42,0.2,0.42,3.72,1,0,0.059,0.259
belief-worker-0444,control,0,0,18.76,19.85,17.84,2.01,0.29,0.5,0.76,0,0,0.003,0.412
belief-worker-0445,outside_option_info,1,0,19.01,20.11,19.26,0.85,0.29,0.5,2.71,0,0,0.013,0.35
belief-worker-0446,bargaining_prompt,0,1,19.26,20.38,18.69,1.69,0.29,0.5,1.66,0,0,0.003,0.393
belief-worker-0447,info_bargaining,1,1,19.51,20.64,20.14,0.5,0.29,0.5,3.67,0,0,0.013,0.331
belief-worker-0448,control,0,0,19.18,20.41,18.06,2.35,0.38,0.58,0.71,0,0,0.002,0.496
belief-worker-0449,outside_option_info,1,0,19.43,20.67,19.67,1.0,0.38,0.58,2.65,0,1,0.097,0.425
belief-worker-0450,bargaining_prompt,0,1,19.68,20.94,18.96,1.98,0.38,0.58,1.61,0,0,0.002,0.474
belief-worker-0451,info_bargaining,1,1,19.93,21.21,20.62,0.59,0.38,0.58,3.63,1,0,0.057,0.403
belief-worker-0452,control,0,0,19.6,20.97,18.27,2.7,0.47,0.66,0.66,0,0,0.0,0.58
belief-worker-0453,outside_option_info,1,0,19.85,21.24,20.09,1.15,0.47,0.66,2.6,0,0,0.01,0.5
belief-worker-0454,bargaining_prompt,0,1,20.1,21.51,19.23,2.27,0.47,0.66,1.56,0,0,0.0,0.556
belief-worker-0455,info_bargaining,1,1,20.35,21.77,21.1,0.67,0.47,0.66,3.59,0,0,0.01,0.476
belief-worker-0456,control,0,0,20.02,21.54,19.26,2.29,0.56,0.18,0.83,0,0,0.009,0.429
belief-worker-0457,outside_option_info,1,0,20.27,21.81,20.84,0.97,0.56,0.18,2.83,0,1,0.104,0.363
belief-worker-0458,bargaining_prompt,0,1,20.52,22.08,20.16,1.92,0.56,0.18,1.73,0,0,0.009,0.409
belief-worker-0459,info_bargaining,1,1,20.77,22.35,21.78,0.57,0.56,0.18,3.81,1,0,0.064,0.342
belief-worker-0460,control,0,0,20.44,22.12,19.47,2.65,0.65,0.26,0.38,0,0,0.007,0.513
belief-worker-0461,outside_option_info,1,0,20.69,22.39,21.26,1.13,0.65,0.26,2.38,0,0,0.017,0.438
belief-worker-0462,bargaining_prompt,0,1,20.94,22.66,20.43,2.23,0.65,0.26,1.28,1,0,0.052,0.49
belief-worker-0463,info_bargaining,1,1,21.19,22.93,22.27,0.66,0.65,0.26,3.38,0,0,0.017,0.415
belief-worker-0464,control,0,0,20.86,22.7,19.67,3.03,0.74,0.34,0.33,0,0,0.006,0.597
belief-worker-0465,outside_option_info,1,0,21.11,22.97,21.68,1.29,0.74,0.34,2.33,0,0,0.016,0.513
belief-worker-0466,bargaining_prompt,0,1,21.36,23.24,20.7,2.54,0.74,0.34,1.23,0,0,0.006,0.571
belief-worker-0467,info_bargaining,1,1,21.61,23.51,22.76,0.75,0.74,0.34,3.34,1,0,0.061,0.487
belief-worker-0468,control,0,0,21.28,22.13,18.71,3.42,0.83,0.42,0.28,0,0,0.004,0.681
belief-worker-0469,outside_option_info,1,0,21.53,22.39,20.94,1.45,0.83,0.42,2.18,0,0,0.014,0.588
belief-worker-0470,bargaining_prompt,0,1,21.78,22.65,19.78,2.87,0.83,0.42,1.18,1,0,0.049,0.652
belief-worker-0471,info_bargaining,1,1,22.03,22.91,22.06,0.85,0.83,0.42,3.08,0,0,0.014,0.559
belief-worker-0472,control,0,0,21.7,22.7,20.59,2.1,0.2,0.5,1.02,0,0,0.003,0.362
belief-worker-0473,outside_option_info,1,0,21.95,22.96,22.07,0.89,0.2,0.5,2.94,0,0,0.013,0.306
belief-worker-0474,bargaining_prompt,0,1,22.2,23.22,21.46,1.77,0.2,0.5,1.92,0,0,0.003,0.345
belief-worker-0475,info_bargaining,1,1,22.45,23.48,22.96,0.52,0.2,0.5,3.91,0,0,0.013,0.288
belief-worker-0476,control,0,0,22.12,23.27,20.78,2.49,0.29,0.58,0.97,0,0,0.002,0.446
belief-worker-0477,outside_option_info,1,0,22.37,23.53,22.48,1.06,0.29,0.58,2.89,0,0,0.012,0.381
belief-worker-0478,bargaining_prompt,0,1,22.62,23.8,21.71,2.09,0.29,0.58,1.87,1,0,0.047,0.426
belief-worker-0479,info_bargaining,1,1,22.87,24.06,23.44,0.62,0.29,0.58,3.87,0,0,0.012,0.361
belief-worker-0480,control,0,0,22.54,23.85,20.96,2.89,0.38,0.66,0.52,0,0,0.0,0.53
belief-worker-0481,outside_option_info,1,0,22.79,24.11,22.89,1.23,0.38,0.66,2.44,0,0,0.01,0.456
belief-worker-0482,bargaining_prompt,0,1,23.04,24.38,21.96,2.42,0.38,0.66,1.42,0,0,0.0,0.507
belief-worker-0483,info_bargaining,1,1,23.29,24.64,23.93,0.72,0.38,0.66,3.43,0,0,0.01,0.433
belief-worker-0484,control,0,0,22.96,24.43,22.03,2.39,0.47,0.18,0.69,0,0,0.009,0.379
belief-worker-0485,outside_option_info,1,0,23.21,24.7,23.68,1.02,0.47,0.18,2.68,0,0,0.019,0.318
belief-worker-0486,bargaining_prompt,0,1,23.46,24.96,22.96,2.01,0.47,0.18,1.59,1,0,0.054,0.36
belief-worker-0487,info_bargaining,1,1,23.71,25.23,24.63,0.59,0.47,0.18,3.66,0,1,0.104,0.3
belief-worker-0488,control,0,0,23.38,25.02,22.22,2.8,0.56,0.26,0.64,0,0,0.007,0.463
belief-worker-0489,outside_option_info,1,0,23.63,25.28,24.1,1.19,0.56,0.26,2.62,0,0,0.017,0.393
belief-worker-0490,bargaining_prompt,0,1,23.88,25.55,23.21,2.35,0.56,0.26,1.54,0,0,0.007,0.441
belief-worker-0491,info_bargaining,1,1,24.13,25.82,25.13,0.69,0.56,0.26,3.62,0,0,0.017,0.372
belief-worker-0492,control,0,0,23.8,25.61,22.39,3.22,0.65,0.34,0.59,0,0,0.006,0.547
belief-worker-0493,outside_option_info,1,0,24.05,25.88,24.51,1.37,0.65,0.34,2.57,0,0,0.016,0.468
belief-worker-0494,bargaining_prompt,0,1,24.3,26.15,23.45,2.7,0.65,0.34,1.49,1,0,0.051,0.522
belief-worker-0495,info_bargaining,1,1,24.55,26.42,25.62,0.8,0.65,0.34,3.58,0,1,0.101,0.444
belief-worker-0496,control,0,0,24.22,26.21,22.55,3.65,0.74,0.42,0.54,0,0,0.004,0.631
belief-worker-0497,outside_option_info,1,0,24.47,26.48,24.93,1.55,0.74,0.42,2.52,0,0,0.014,0.543
belief-worker-0498,bargaining_prompt,0,1,24.72,26.75,23.69,3.06,0.74,0.42,1.44,0,0,0.004,0.604
belief-worker-0499,info_bargaining,1,1,24.97,27.02,26.11,0.9,0.74,0.42,3.54,0,0,0.014,0.516
belief-worker-0500,control,0,0,24.64,26.81,22.71,4.1,0.83,0.5,0.09,0,0,0.003,0.715
belief-worker-0501,outside_option_info,1,0,24.89,27.08,25.34,1.74,0.83,0.5,2.07,0,0,0.013,0.618
belief-worker-0502,bargaining_prompt,0,1,25.14,27.35,23.92,3.43,0.83,0.5,0.99,0,0,0.003,0.685
belief-worker-0503,info_bargaining,1,1,25.39,27.62,26.61,1.01,0.83,0.5,3.11,0,1,0.098,0.588
belief-worker-0504,control,0,0,25.06,26.06,23.49,2.57,0.2,0.58,0.83,0,0,0.002,0.396
belief-worker-0505,outside_option_info,1,0,25.31,26.32,25.23,1.09,0.2,0.58,2.73,1,0,0.057,0.336
belief-worker-0506,bargaining_prompt,0,1,25.56,26.58,24.43,2.15,0.2,0.58,1.73,0,0,0.002,0.377
belief-worker-0507,info_bargaining,1,1,25.81,26.84,26.21,0.64,0.2,0.58,3.7,0,0,0.012,0.318
belief-worker-0508,control,0,0,25.48,26.65,23.64,3.01,0.29,0.66,0.78,0,0,0.0,0.48
belief-worker-0509,outside_option_info,1,0,25.73,26.91,25.64,1.28,0.29,0.66,2.68,0,0,0.01,0.411
belief-worker-0510,bargaining_prompt,0,1,25.98,27.18,24.66,2.52,0.29,0.66,1.68,0,0,0.0,0.458
belief-worker-0511,info_bargaining,1,1,26.23,27.44,26.69,0.74,0.29,0.66,3.66,0,0,0.01,0.39
belief-worker-0512,control,0,0,25.9,27.25,24.8,2.44,0.38,0.18,0.95,0,0,0.009,0.328
belief-worker-0513,outside_option_info,1,0,26.15,27.51,26.47,1.04,0.38,0.18,2.91,1,0,0.064,0.274
belief-worker-0514,bargaining_prompt,0,1,26.4,27.77,25.73,2.04,0.38,0.18,1.85,0,0,0.009,0.311
belief-worker-0515,info_bargaining,1,1,26.65,28.04,27.43,0.6,0.38,0.18,3.89,0,0,0.019,0.257
belief-worker-0516,control,0,0,26.32,27.85,24.95,2.89,0.47,0.26,0.9,0,0,0.007,0.412
belief-worker-0517,outside_option_info,1,0,26.57,28.11,26.88,1.23,0.47,0.26,2.86,0,0,0.017,0.349
belief-worker-0518,bargaining_prompt,0,1,26.82,28.38,25.96,2.42,0.47,0.26,1.8,0,0,0.007,0.393
belief-worker-0519,info_bargaining,1,1,27.07,28.64,27.93,0.71,0.47,0.26,3.85,1,0,0.062,0.329
belief-worker-0520,control,0,0,26.74,28.45,25.1,3.35,0.56,0.34,0.45,0,0,0.006,0.496
belief-worker-0521,outside_option_info,1,0,26.99,28.72,27.3,1.42,0.56,0.34,2.4,1,0,0.061,0.424
belief-worker-0522,bargaining_prompt,0,1,27.24,28.98,26.18,2.8,0.56,0.34,1.35,0,0,0.006,0.474
belief-worker-0523,info_bargaining,1,1,27.49,29.25,28.42,0.83,0.56,0.34,3.42,0,0,0.016,0.401
belief-worker-0524,control,0,0,27.16,29.06,25.23,3.83,0.65,0.42,0.4,0,0,0.004,0.58
belief-worker-0525,outside_option_info,1,0,27.41,29.33,27.71,1.62,0.65,0.42,2.35,0,0,0.014,0.499
belief-worker-0526,bargaining_prompt,0,1,27.66,29.6,26.4,3.2,0.65,0.42,1.3,0,0,0.004,0.555
belief-worker-0527,info_bargaining,1,1,27.91,29.86,28.92,0.94,0.65,0.42,3.38,1,0,0.059,0.473
belief-worker-0528,control,0,0,27.58,29.68,25.36,4.31,0.74,0.5,0.35,0,0,0.003,0.664
belief-worker-0529,outside_option_info,1,0,27.83,29.95,28.12,1.83,0.74,0.5,2.3,0,0,0.013,0.574
belief-worker-0530,bargaining_prompt,0,1,28.08,30.21,26.61,3.6,0.74,0.5,1.25,0,0,0.003,0.636
belief-worker-0531,info_bargaining,1,1,28.33,30.48,29.42,1.06,0.74,0.5,3.34,0,0,0.013,0.546
belief-worker-0532,control,0,0,28.0,30.3,25.48,4.81,0.83,0.58,0.29,0,0,0.002,0.748
belief-worker-0533,outside_option_info,1,0,28.25,30.57,28.53,2.04,0.83,0.58,2.24,0,0,0.012,0.649
belief-worker-0534,bargaining_prompt,0,1,28.5,30.84,26.82,4.02,0.83,0.58,1.19,0,0,0.002,0.717
belief-worker-0535,info_bargaining,1,1,28.75,31.11,29.92,1.19,0.83,0.58,3.31,1,0,0.057,0.618
belief-worker-0536,control,0,0,28.42,30.92,27.85,3.08,0.2,0.66,1.04,0,0,0.0,0.429
belief-worker-0537,outside_option_info,1,0,28.67,31.19,29.89,1.3,0.2,0.66,3.16,0,0,0.01,0.366
belief-worker-0538,bargaining_prompt,0,1,28.92,31.46,28.9,2.57,0.2,0.66,1.94,0,0,0.0,0.41
belief-worker-0539,info_bargaining,1,1,29.17,31.74,30.98,0.76,0.2,0.66,4.16,0,0,0.01,0.347
belief-worker-0540,control,0,0,28.84,29.99,27.56,2.44,0.29,0.18,0.81,1,0,0.054,0.278
belief-worker-0541,outside_option_info,1,0,29.09,30.25,29.22,1.03,0.29,0.18,2.73,0,1,0.104,0.229
belief-worker-0542,bargaining_prompt,0,1,29.34,30.51,28.48,2.03,0.29,0.18,1.71,0,0,0.009,0.263
belief-worker-0543,info_bargaining,1,1,29.59,30.77,30.17,0.6,0.29,0.18,3.71,1,0,0.064,0.214
belief-worker-0544,control,0,0,29.26,30.61,27.68,2.93,0.38,0.26,0.76,0,0,0.007,0.362
belief-worker-0545,outside_option_info,1,0,29.51,30.87,29.63,1.24,0.38,0.26,2.68,0,0,0.017,0.304
belief-worker-0546,bargaining_prompt,0,1,29.76,31.13,28.69,2.44,0.38,0.26,1.66,0,0,0.007,0.344
belief-worker-0547,info_bargaining,1,1,30.01,31.39,30.67,0.72,0.38,0.26,3.68,0,0,0.017,0.286
belief-worker-0548,control,0,0,29.68,31.22,27.8,3.43,0.47,0.34,0.71,0,0,0.006,0.446
belief-worker-0549,outside_option_info,1,0,29.93,31.49,30.03,1.45,0.47,0.34,2.63,0,1,0.101,0.379
belief-worker-0550,bargaining_prompt,0,1,30.18,31.75,28.89,2.86,0.47,0.34,1.61,0,0,0.006,0.425
belief-worker-0551,info_bargaining,1,1,30.43,32.01,31.17,0.84,0.47,0.34,3.64,1,0,0.061,0.358
belief-worker-0552,control,0,0,30.1,31.85,27.9,3.94,0.56,0.42,0.66,0,0,0.004,0.53
belief-worker-0553,outside_option_info,1,0,30.35,32.11,30.44,1.67,0.56,0.42,2.57,0,0,0.014,0.454
belief-worker-0554,bargaining_prompt,0,1,30.6,32.37,29.09,3.29,0.56,0.42,1.56,0,0,0.004,0.506
belief-worker-0555,info_bargaining,1,1,30.85,32.64,31.67,0.97,0.56,0.42,3.6,0,0,0.014,0.43
belief-worker-0556,control,0,0,30.52,32.47,28.0,4.47,0.65,0.5,0.6,0,0,0.003,0.614
belief-worker-0557,outside_option_info,1,0,30.77,32.74,30.85,1.89,0.65,0.5,2.52,0,1,0.098,0.529
belief-worker-0558,bargaining_prompt,0,1,31.02,33.01,29.28,3.73,0.65,0.5,1.51,0,0,0.003,0.588
belief-worker-0559,info_bargaining,1,1,31.27,33.27,32.17,1.1,0.65,0.5,3.57,1,0,0.058,0.503
belief-worker-0560,control,0,0,30.94,33.11,28.09,5.01,0.74,0.58,0.15,0,0,0.002,0.698
belief-worker-0561,outside_option_info,1,0,31.19,33.37,31.25,2.12,0.74,0.58,2.07,0,0,0.012,0.604
belief-worker-0562,bargaining_prompt,0,1,31.44,33.64,29.46,4.18,0.74,0.58,1.05,0,0,0.002,0.669
belief-worker-0563,info_bargaining,1,1,31.69,33.91,32.68,1.23,0.74,0.58,3.13,0,0,0.012,0.575
belief-worker-0564,control,0,0,31.36,33.74,28.18,5.57,0.83,0.66,0.1,0,0,0.0,0.782
belief-worker-0565,outside_option_info,1,0,31.61,34.01,31.66,2.36,0.83,0.66,2.01,0,0,0.01,0.679
belief-worker-0566,bargaining_prompt,0,1,31.86,34.28,29.64,4.64,0.83,0.66,1.0,0,0,0.0,0.75
belief-worker-0567,info_bargaining,1,1,32.11,34.55,33.18,1.37,0.83,0.66,3.1,1,0,0.055,0.647
belief-worker-0568,control,0,0,31.78,34.39,32.02,2.37,0.2,0.18,1.11,0,0,0.009,0.228
belief-worker-0569,outside_option_info,1,0,32.03,34.66,33.65,1.0,0.2,0.18,3.26,0,0,0.019,0.184
belief-worker-0570,bargaining_prompt,0,1,32.28,34.93,32.95,1.97,0.2,0.18,2.09,1,0,0.054,0.214
belief-worker-0571,info_bargaining,1,1,32.53,35.2,34.62,0.58,0.2,0.18,4.24,0,1,0.104,0.171
belief-worker-0572,control,0,0,32.2,35.03,32.13,2.9,0.29,0.26,1.02,0,0,0.007,0.312
belief-worker-0573,outside_option_info,1,0,32.45,35.31,34.08,1.23,0.29,0.26,3.21,0,0,0.017,0.259
belief-worker-0574,bargaining_prompt,0,1,32.7,35.58,33.16,2.42,0.29,0.26,2.0,0,0,0.007,0.295
belief-worker-0575,info_bargaining,1,1,32.95,35.85,35.14,0.71,0.29,0.26,4.21,0,0,0.017,0.243
belief-worker-0576,control,0,0,17.5,18.2,16.35,1.85,0.38,0.34,0.97,0,0,0.006,0.396
belief-worker-0577,outside_option_info,1,0,17.75,18.46,17.67,0.79,0.38,0.34,2.87,0,0,0.016,0.334
belief-worker-0578,bargaining_prompt,0,1,18.0,18.72,17.16,1.56,0.38,0.34,1.87,1,0,0.051,0.377
belief-worker-0579,info_bargaining,1,1,18.25,18.98,18.52,0.46,0.38,0.34,3.81,0,0,0.016,0.315
belief-worker-0580,control,0,0,17.92,18.74,16.57,2.17,0.47,0.42,0.51,0,0,0.004,0.48
belief-worker-0581,outside_option_info,1,0,18.17,19.01,18.08,0.92,0.47,0.42,2.41,0,0,0.014,0.409
belief-worker-0582,bargaining_prompt,0,1,18.42,19.27,17.44,1.83,0.47,0.42,1.42,0,0,0.004,0.458
belief-worker-0583,info_bargaining,1,1,18.67,19.53,18.99,0.54,0.47,0.42,3.37,0,0,0.014,0.388
belief-worker-0584,control,0,0,18.34,19.29,16.79,2.51,0.56,0.5,0.46,0,0,0.003,0.564
belief-worker-0585,outside_option_info,1,0,18.59,19.56,18.49,1.07,0.56,0.5,2.36,0,0,0.013,0.484
belief-worker-0586,bargaining_prompt,0,1,18.84,19.82,17.71,2.11,0.56,0.5,1.36,1,0,0.048,0.539
belief-worker-0587,info_bargaining,1,1,19.09,20.08,19.46,0.63,0.56,0.5,3.33,0,0,0.013,0.46
belief-worker-0588,control,0,0,18.76,19.85,16.99,2.85,0.65,0.58,0.41,0,0,0.002,0.648
belief-worker-0589,outside_option_info,1,0,19.01,20.11,18.9,1.21,0.65,0.58,2.31,0,0,0.012,0.559
belief-worker-0590,bargaining_prompt,0,1,19.26,20.38,17.97,2.4,0.65,0.58,1.31,0,0,0.002,0.62
belief-worker-0591,info_bargaining,1,1,19.51,20.64,19.93,0.71,0.65,0.58,3.29,0,0,0.012,0.532
belief-worker-0592,control,0,0,19.18,20.41,17.19,3.21,0.74,0.66,0.36,0,0,0.0,0.732
belief-worker-0593,outside_option_info,1,0,19.43,20.67,19.31,1.37,0.74,0.66,2.26,0,0,0.01,0.634
belief-worker-0594,bargaining_prompt,0,1,19.68,20.94,18.23,2.7,0.74,0.66,1.26,1,0,0.045,0.701
belief-worker-0595,info_bargaining,1,1,19.93,21.21,20.4,0.8,0.74,0.66,3.25,0,0,0.01,0.604
belief-worker-0596,control,0,0,19.6,20.97,18.15,2.82,0.83,0.18,0.53,0,0,0.009,0.58
belief-worker-0597,outside_option_info,1,0,19.85,21.24,20.04,1.2,0.83,0.18,2.47,1,0,0.064,0.497
belief-worker-0598,bargaining_prompt,0,1,20.1,21.51,19.14,2.37,0.83,0.18,1.43,0,0,0.009,0.554
belief-worker-0599,info_bargaining,1,1,20.35,21.77,21.07,0.7,0.83,0.18,3.46,0,0,0.019,0.471
belief-worker-0600,control,0,0,20.02,21.54,19.94,1.61,0.2,0.26,0.88,0,0,0.007,0.261
belief-worker-0601,outside_option_info,1,0,20.27,21.81,21.13,0.68,0.2,0.26,2.93,0,0,0.017,0.215
belief-worker-0602,bargaining_prompt,0,1,20.52,22.08,20.73,1.35,0.2,0.26,1.81,0,0,0.007,0.247
belief-worker-0603,info_bargaining,1,1,20.77,22.35,21.95,0.4,0.2,0.26,3.89,0,1,0.102,0.2
belief-worker-0604,control,0,0,20.44,22.12,20.16,1.96,0.29,0.34,0.82,0,0,0.006,0.345
belief-worker-0605,outside_option_info,1,0,20.69,22.39,21.55,0.83,0.29,0.34,2.88,1,0,0.061,0.29
belief-worker-0606,bargaining_prompt,0,1,20.94,22.66,21.01,1.64,0.29,0.34,1.74,0,0,0.006,0.328
belief-worker-0607,info_bargaining,1,1,21.19,22.93,22.44,0.49,0.29,0.34,3.85,0,0,0.016,0.272
belief-worker-0608,control,0,0,20.86,22.7,20.38,2.32,0.38,0.42,0.77,0,0,0.004,0.429
belief-worker-0609,outside_option_info,1,0,21.11,22.97,21.98,0.99,0.38,0.42,2.83,0,0,0.014,0.365
belief-worker-0610,bargaining_prompt,0,1,21.36,23.24,21.29,1.95,0.38,0.42,1.67,0,0,0.004,0.409
belief-worker-0611,info_bargaining,1,1,21.61,23.51,22.93,0.58,0.38,0.42,3.81,0,0,0.014,0.345
belief-worker-0612,control,0,0,21.28,22.13,19.44,2.7,0.47,0.5,0.72,0,0,0.003,0.513
belief-worker-0613,outside_option_info,1,0,21.53,22.39,21.25,1.15,0.47,0.5,2.62,1,0,0.058,0.44
belief-worker-0614,bargaining_prompt,0,1,21.78,22.65,20.39,2.26,0.47,0.5,1.62,0,0,0.003,0.49
belief-worker-0615,info_bargaining,1,1,22.03,22.91,22.24,0.67,0.47,0.5,3.56,0,0,0.013,0.417
belief-worker-0616,control,0,0,21.7,22.7,19.61,3.09,0.56,0.58,0.67,0,0,0.002,0.597
belief-worker-0617,outside_option_info,1,0,21.95,22.96,21.65,1.31,0.56,0.58,2.57,0,0,0.012,0.515
belief-worker-0618,bargaining_prompt,0,1,22.2,23.22,20.63,2.59,0.56,0.58,1.57,0,0,0.002,0.572
belief-worker-0619,info_bargaining,1,1,22.45,23.48,22.72,0.77,0.56,0.58,3.52,0,0,0.012,0.489
belief-worker-0620,control,0,0,22.12,23.27,19.78,3.49,0.65,0.66,0.22,0,0,0.0,0.681
belief-worker-0621,outside_option_info,1,0,22.37,23.53,22.05,1.48,0.65,0.66,2.12,1,0,0.055,0.59
belief-worker-0622,bargaining_prompt,0,1,22.62,23.8,20.87,2.93,0.65,0.66,1.12,0,0,0.0,0.653
belief-worker-0623,info_bargaining,1,1,22.87,24.06,23.19,0.87,0.65,0.66,3.08,0,0,0.01,0.561
belief-worker-0624,control,0,0,22.54,23.85,20.83,3.02,0.74,0.18,0.39,0,0,0.009,0.53
belief-worker-0625,outside_option_info,1,0,22.79,24.11,22.83,1.28,0.74,0.18,2.3,0,0,0.019,0.452
belief-worker-0626,bargaining_prompt,0,1,23.04,24.38,21.84,2.53,0.74,0.18,1.29,0,0,0.009,0.506
belief-worker-0627,info_bargaining,1,1,23.29,24.64,23.89,0.75,0.74,0.18,3.3,1,0,0.064,0.428
belief-worker-0628,control,0,0,22.96,24.43,21.0,3.43,0.83,0.26,0.34,0,0,0.007,0.614
belief-worker-0629,outside_option_info,1,0,23.21,24.7,23.24,1.46,0.83,0.26,2.25,0,0,0.017,0.527
belief-worker-0630,bargaining_prompt,0,1,23.46,24.96,22.09,2.88,0.83,0.26,1.24,0,0,0.007,0.587
belief-worker-0631,info_bargaining,1,1,23.71,25.23,24.38,0.85,0.83,0.26,3.26,0,0,0.017,0.5
belief-worker-0632,control,0,0,23.38,25.02,23.01,2.01,0.2,0.34,1.08,0,0,0.006,0.295
belief-worker-0633,outside_option_info,1,0,23.63,25.28,24.43,0.85,0.2,0.34,3.13,0,1,0.101,0.245
belief-worker-0634,bargaining_prompt,0,1,23.88,25.55,23.87,1.68,0.2,0.34,1.98,0,0,0.006,0.279
belief-worker-0635,info_bargaining,1,1,24.13,25.82,25.32,0.5,0.2,0.34,4.1,1,0,0.061,0.23
belief-worker-0636,control,0,0,23.8,25.61,23.2,2.41,0.29,0.42,1.03,0,0,0.004,0.379
belief-worker-0637,outside_option_info,1,0,24.05,25.88,24.85,1.02,0.29,0.42,3.08,0,0,0.014,0.32
belief-worker-0638,bargaining_prompt,0,1,24.3,26.15,24.13,2.02,0.29,0.42,1.93,0,0,0.004,0.361
belief-worker-0639,info_bargaining,1,1,24.55,26.42,25.82,0.6,0.29,0.42,4.06,0,0,0.014,0.302
belief-worker-0640,control,0,0,24.22,26.21,23.38,2.83,0.38,0.5,0.58,1,0,0.048,0.463
belief-worker-0641,outside_option_info,1,0,24.47,26.48,25.28,1.2,0.38,0.5,2.63,0,0,0.013,0.395
belief-worker-0642,bargaining_prompt,0,1,24.72,26.75,24.38,2.37,0.38,0.5,1.48,0,0,0.003,0.442
belief-worker-0643,info_bargaining,1,1,24.97,27.02,26.32,0.7,0.38,0.5,3.62,1,0,0.058,0.374
belief-worker-0644,control,0,0,24.64,26.81,23.55,3.26,0.47,0.58,0.53,0,0,0.002,0.547
belief-worker-0645,outside_option_info,1,0,24.89,27.08,25.7,1.38,0.47,0.58,2.58,0,0,0.012,0.47
belief-worker-0646,bargaining_prompt,0,1,25.14,27.35,24.62,2.73,0.47,0.58,1.43,0,0,0.002,0.523
belief-worker-0647,info_bargaining,1,1,25.39,27.62,26.82,0.81,0.47,0.58,3.59,0,0,0.012,0.446
belief-worker-0648,control,0,0,25.06,26.06,22.36,3.7,0.56,0.66,0.48,0,0,0.0,0.631
belief-worker-0649,outside_option_info,1,0,25.31,26.32,24.75,1.57,0.56,0.66,2.38,0,0,0.01,0.545
belief-worker-0650,bargaining_prompt,0,1,25.56,26.58,23.48,3.1,0.56,0.66,1.38,0,0,0.0,0.604
belief-worker-0651,info_bargaining,1,1,25.81,26.84,25.93,0.92,0.56,0.66,3.3,1,0,0.055,0.518
belief-worker-0652,control,0,0,25.48,26.65,23.49,3.16,0.65,0.18,0.65,0,0,0.009,0.48
belief-worker-0653,outside_option_info,1,0,25.73,26.91,25.57,1.34,0.65,0.18,2.55,0,0,0.019,0.408
belief-worker-0654,bargaining_prompt,0,1,25.98,27.18,24.53,2.64,0.65,0.18,1.55,0,0,0.009,0.457
belief-worker-0655,info_bargaining,1,1,26.23,27.44,26.66,0.78,0.65,0.18,3.53,0,0,0.019,0.385
belief-worker-0656,control,0,0,25.9,27.25,23.63,3.62,0.74,0.26,0.6,0,0,0.007,0.564
belief-worker-0657,outside_option_info,1,0,26.15,27.51,25.98,1.53,0.74,0.26,2.5,0,1,0.102,0.483
belief-worker-0658,bargaining_prompt,0,1,26.4,27.77,24.75,3.02,0.74,0.26,1.5,0,0,0.007,0.538
belief-worker-0659,info_bargaining,1,1,26.65,28.04,27.14,0.89,0.74,0.26,3.49,1,0,0.062,0.458
belief-worker-0660,control,0,0,26.32,27.85,23.76,4.08,0.83,0.34,0.15,0,0,0.006,0.648
belief-worker-0661,outside_option_info,1,0,26.57,28.11,26.38,1.73,0.83,0.34,2.05,0,0,0.016,0.558
belief-worker-0662,bargaining_prompt,0,1,26.82,28.38,24.96,3.41,0.83,0.34,1.05,1,0,0.051,0.62
belief-worker-0663,info_bargaining,1,1,27.07,28.64,27.63,1.01,0.83,0.34,3.05,0,0,0.016,0.53
belief-worker-0664,control,0,0,26.74,28.45,26.01,2.44,0.2,0.42,0.89,0,0,0.004,0.328
belief-worker-0665,outside_option_info,1,0,26.99,28.72,27.68,1.04,0.2,0.42,2.92,0,0,0.014,0.275
belief-worker-0666,bargaining_prompt,0,1,27.24,28.98,26.94,2.04,0.2,0.42,1.79,0,0,0.004,0.312
belief-worker-0667,info_bargaining,1,1,27.49,29.25,28.65,0.6,0.2,0.42,3.9,1,0,0.059,0.259
belief-worker-0668,control,0,0,27.16,29.06,26.16,2.9,0.29,0.5,0.84,0,0,0.003,0.412
belief-worker-0669,outside_option_info,1,0,27.41,29.33,28.1,1.23,0.29,0.5,2.86,0,0,0.013,0.35
belief-worker-0670,bargaining_prompt,0,1,27.66,29.6,27.17,2.42,0.29,0.5,1.74,1,0,0.048,0.393
belief-worker-0671,info_bargaining,1,1,27.91,29.86,29.15,0.72,0.29,0.5,3.86,0,0,0.013,0.331
belief-worker-0672,control,0,0,27.58,29.68,26.3,3.38,0.38,0.58,0.79,0,0,0.002,0.496
belief-worker-0673,outside_option_info,1,0,27.83,29.95,28.51,1.43,0.38,0.58,2.81,0,0,0.012,0.425
belief-worker-0674,bargaining_prompt,0,1,28.08,30.21,27.4,2.82,0.38,0.58,1.69,0,0,0.002,0.474
belief-worker-0675,info_bargaining,1,1,28.33,30.48,29.65,0.83,0.38,0.58,3.83,0,0,0.012,0.403
belief-worker-0676,control,0,0,28.0,30.3,26.43,3.86,0.47,0.66,0.74,0,0,0.0,0.58
belief-worker-0677,outside_option_info,1,0,28.25,30.57,28.93,1.64,0.47,0.66,2.76,0,0,0.01,0.5
belief-worker-0678,bargaining_prompt,0,1,28.5,30.84,27.61,3.22,0.47,0.66,1.64,1,0,0.045,0.556
belief-worker-0679,info_bargaining,1,1,28.75,31.11,30.16,0.95,0.47,0.66,3.79,0,0,0.01,0.476
belief-worker-0680,control,0,0,28.42,30.92,27.68,3.25,0.56,0.18,0.51,0,0,0.009,0.429
belief-worker-0681,outside_option_info,1,0,28.67,31.19,29.82,1.38,0.56,0.18,2.62,0,0,0.019,0.363
belief-worker-0682,bargaining_prompt,0,1,28.92,31.46,28.76,2.71,0.56,0.18,1.41,0,0,0.009,0.409
belief-worker-0683,info_bargaining,1,1,29.17,31.74,30.94,0.8,0.56,0.18,3.63,0,0,0.019,0.342
belief-worker-0684,control,0,0,28.84,29.99,26.25,3.74,0.65,0.26,0.46,0,0,0.007,0.513
belief-worker-0685,outside_option_info,1,0,29.09,30.25,28.67,1.58,0.65,0.26,2.36,0,0,0.017,0.438
belief-worker-0686,bargaining_prompt,0,1,29.34,30.51,27.39,3.12,0.65,0.26,1.36,1,0,0.052,0.49
belief-worker-0687,info_bargaining,1,1,29.59,30.77,29.85,0.92,0.65,0.26,3.31,0,0,0.017,0.415
belief-worker-0688,control,0,0,29.26,30.61,26.36,4.25,0.74,0.34,0.41,0,0,0.006,0.597
belief-worker-0689,outside_option_info,1,0,29.51,30.87,29.07,1.8,0.74,0.34,2.31,0,0,0.016,0.513
belief-worker-0690,bargaining_prompt,0,1,29.76,31.13,27.59,3.54,0.74,0.34,1.31,0,0,0.006,0.571
belief-worker-0691,info_bargaining,1,1,30.01,31.39,30.34,1.05,0.74,0.34,3.27,0,0,0.016,0.487
belief-worker-0692,control,0,0,29.68,31.22,26.45,4.77,0.83,0.42,0.36,0,0,0.004,0.681
belief-worker-0693,outside_option_info,1,0,29.93,31.49,29.47,2.02,0.83,0.42,2.26,0,0,0.014,0.588
belief-worker-0694,bargaining_prompt,0,1,30.18,31.75,27.77,3.98,0.83,0.42,1.26,1,0,0.049,0.652
belief-worker-0695,info_bargaining,1,1,30.43,32.01,30.84,1.17,0.83,0.42,3.23,0,0,0.014,0.559
belief-worker-0696,control,0,0,30.1,31.85,28.93,2.92,0.2,0.5,1.1,0,0,0.003,0.362
belief-worker-0697,outside_option_info,1,0,30.35,32.11,30.87,1.24,0.2,0.5,3.09,0,0,0.013,0.306
belief-worker-0698,bargaining_prompt,0,1,30.6,32.37,29.94,2.43,0.2,0.5,2.0,0,0,0.003,0.345
belief-worker-0699,info_bargaining,1,1,30.85,32.64,31.92,0.72,0.2,0.5,4.09,0,0,0.013,0.288
belief-worker-0700,control,0,0,30.52,32.47,29.04,3.43,0.29,0.58,0.65,0,0,0.002,0.446
belief-worker-0701,outside_option_info,1,0,30.77,32.74,31.29,1.45,0.29,0.58,2.64,0,0,0.012,0.381
belief-worker-0702,bargaining_prompt,0,1,31.02,33.01,30.14,2.86,0.29,0.58,1.55,0,0,0.002,0.426
belief-worker-0703,info_bargaining,1,1,31.27,33.27,32.43,0.84,0.29,0.58,3.66,0,1,0.097,0.361
belief-worker-0704,control,0,0,30.94,33.11,29.15,3.96,0.38,0.66,0.6,0,0,0.0,0.53
belief-worker-0705,outside_option_info,1,0,31.19,33.37,31.7,1.68,0.38,0.66,2.59,1,0,0.055,0.456
belief-worker-0706,bargaining_prompt,0,1,31.44,33.64,30.34,3.3,0.38,0.66,1.5,0,0,0.0,0.507
belief-worker-0707,info_bargaining,1,1,31.69,33.91,32.93,0.97,0.38,0.66,3.62,0,0,0.01,0.433
belief-worker-0708,control,0,0,31.36,33.74,30.47,3.27,0.47,0.18,0.77,0,0,0.009,0.379
belief-worker-0709,outside_option_info,1,0,31.61,34.01,32.63,1.38,0.47,0.18,2.85,0,0,0.019,0.318
belief-worker-0710,bargaining_prompt,0,1,31.86,34.28,31.56,2.72,0.47,0.18,1.67,0,0,0.009,0.36
belief-worker-0711,info_bargaining,1,1,32.11,34.55,33.75,0.8,0.47,0.18,3.87,1,0,0.064,0.3
belief-worker-0712,control,0,0,31.78,34.39,30.58,3.81,0.56,0.26,0.72,0,0,0.007,0.463
belief-worker-0713,outside_option_info,1,0,32.03,34.66,33.04,1.61,0.56,0.26,2.8,1,0,0.062,0.393
belief-worker-0714,bargaining_prompt,0,1,32.28,34.93,31.76,3.17,0.56,0.26,1.62,0,0,0.007,0.441
belief-worker-0715,info_bargaining,1,1,32.53,35.2,34.26,0.94,0.56,0.26,3.83,0,0,0.017,0.372
belief-worker-0716,control,0,0,32.2,35.03,30.68,4.36,0.65,0.34,0.67,0,0,0.006,0.547
belief-worker-0717,outside_option_info,1,0,32.45,35.31,33.46,1.84,0.65,0.34,2.75,0,0,0.016,0.468
belief-worker-0718,bargaining_prompt,0,1,32.7,35.58,31.95,3.63,0.65,0.34,1.57,0,0,0.006,0.522
belief-worker-0719,info_bargaining,1,1,32.95,35.85,34.78,1.07,0.65,0.34,3.8,1,0,0.061,0.444
belief-worker-0720,control,0,0,17.5,18.2,15.56,2.64,0.74,0.42,0.22,0,0,0.004,0.631
belief-worker-0721,outside_option_info,1,0,17.75,18.46,17.34,1.12,0.74,0.42,2.12,1,0,0.059,0.543
belief-worker-0722,bargaining_prompt,0,1,18.0,18.72,16.49,2.23,0.74,0.42,1.12,0,0,0.004,0.604
belief-worker-0723,info_bargaining,1,1,18.25,18.98,18.32,0.66,0.74,0.42,3.03,0,0,0.014,0.516
belief-worker-0724,control,0,0,17.92,18.74,15.76,2.98,0.83,0.5,0.17,0,0,0.003,0.715
belief-worker-0725,outside_option_info,1,0,18.17,19.01,17.74,1.27,0.83,0.5,2.07,0,0,0.013,0.618
belief-worker-0726,bargaining_prompt,0,1,18.42,19.27,16.76,2.51,0.83,0.5,1.07,0,0,0.003,0.685
belief-worker-0727,info_bargaining,1,1,18.67,19.53,18.78,0.75,0.83,0.5,2.99,0,0,0.013,0.588
belief-worker-0728,control,0,0,18.34,19.29,17.41,1.88,0.2,0.58,0.91,0,0,0.002,0.396
belief-worker-0729,outside_option_info,1,0,18.59,19.56,18.76,0.8,0.2,0.58,2.84,0,0,0.012,0.336
belief-worker-0730,bargaining_prompt,0,1,18.84,19.82,18.23,1.59,0.2,0.58,1.81,0,1,0.087,0.377
belief-worker-0731,info_bargaining,1,1,19.09,20.08,19.61,0.47,0.2,0.58,3.8,0,0,0.012,0.318
belief-worker-0732,control,0,0,18.76,19.85,17.63,2.22,0.29,0.66,0.86,0,0,0.0,0.48
belief-worker-0733,outside_option_info,1,0,19.01,20.11,19.17,0.94,0.29,0.66,2.79,0,0,0.01,0.411
belief-worker-0734,bargaining_prompt,0,1,19.26,20.38,18.51,1.87,0.29,0.66,1.76,0,0,0.0,0.458
belief-worker-0735,info_bargaining,1,1,19.51,20.64,20.09,0.55,0.29,0.66,3.76,1,0,0.055,0.39
belief-worker-0736,control,0,0,19.18,20.41,18.6,1.81,0.38,0.18,1.03,0,0,0.009,0.328
belief-worker-0737,outside_option_info,1,0,19.43,20.67,19.9,0.77,0.38,0.18,3.02,0,0,0.019,0.274
belief-worker-0738,bargaining_prompt,0,1,19.68,20.94,19.42,1.52,0.38,0.18,1.93,0,0,0.009,0.311
belief-worker-0739,info_bargaining,1,1,19.93,21.21,20.75,0.45,0.38,0.18,3.98,0,0,0.019,0.257
belief-worker-0740,control,0,0,19.6,20.97,18.82,2.15,0.47,0.26,0.58,1,0,0.052,0.412
belief-worker-0741,outside_option_info,1,0,19.85,21.24,20.32,0.92,0.47,0.26,2.56,0,0,0.017,0.349
belief-worker-0742,bargaining_prompt,0,1,20.1,21.51,19.7,1.81,0.47,0.26,1.48,0,0,0.007,0.393
belief-worker-0743,info_bargaining,1,1,20.35,21.77,21.24,0.54,0.47,0.26,3.54,1,0,0.062,0.329
belief-worker-0744,control,0,0,20.02,21.54,19.03,2.51,0.56,0.34,0.53,0,0,0.006,0.496
belief-worker-0745,outside_option_info,1,0,20.27,21.81,20.74,1.07,0.56,0.34,2.51,0,0,0.016,0.424
belief-worker-0746,bargaining_prompt,0,1,20.52,22.08,19.97,2.11,0.56,0.34,1.43,0,0,0.006,0.474
belief-worker-0747,info_bargaining,1,1,20.77,22.35,21.72,0.63,0.56,0.34,3.5,0,0,0.016,0.401
belief-worker-0748,control,0,0,20.44,22.12,19.24,2.88,0.65,0.42,0.48,0,0,0.004,0.58
belief-worker-0749,outside_option_info,1,0,20.69,22.39,21.16,1.22,0.65,0.42,2.46,0,0,0.014,0.499
belief-worker-0750,bargaining_prompt,0,1,20.94,22.66,20.24,2.42,0.65,0.42,1.38,0,0,0.004,0.555
belief-worker-0751,info_bargaining,1,1,21.19,22.93,22.21,0.72,0.65,0.42,3.46,1,0,0.059,0.473
belief-worker-0752,control,0,0,20.86,22.7,19.43,3.26,0.74,0.5,0.43,0,0,0.003,0.664
belief-worker-0753,outside_option_info,1,0,21.11,22.97,21.58,1.39,0.74,0.5,2.41,0,0,0.013,0.574
belief-worker-0754,bargaining_prompt,0,1,21.36,23.24,20.5,2.74,0.74,0.5,1.33,0,0,0.003,0.636
belief-worker-0755,info_bargaining,1,1,21.61,23.51,22.7,0.81,0.74,0.5,3.42,0,0,0.013,0.546
belief-worker-0756,control,0,0,21.28,22.13,18.47,3.66,0.83,0.58,0.37,0,0,0.002,0.748
belief-worker-0757,outside_option_info,1,0,21.53,22.39,20.84,1.55,0.83,0.58,2.27,0,1,0.097,0.649
belief-worker-0758,bargaining_prompt,0,1,21.78,22.65,19.58,3.07,0.83,0.58,1.27,0,0,0.002,0.717
belief-worker-0759,info_bargaining,1,1,22.03,22.91,22.0,0.91,0.83,0.58,3.17,1,0,0.057,0.618
belief-worker-0760,control,0,0,21.7,22.7,20.35,2.35,0.2,0.66,0.72,0,0,0.0,0.429
belief-worker-0761,outside_option_info,1,0,21.95,22.96,21.96,1.0,0.2,0.66,2.62,0,0,0.01,0.366
belief-worker-0762,bargaining_prompt,0,1,22.2,23.22,21.25,1.97,0.2,0.66,1.62,0,0,0.0,0.41
belief-worker-0763,info_bargaining,1,1,22.45,23.48,22.9,0.58,0.2,0.66,3.6,0,0,0.01,0.347
belief-worker-0764,control,0,0,22.12,23.27,21.4,1.87,0.29,0.18,0.89,0,0,0.009,0.278
belief-worker-0765,outside_option_info,1,0,22.37,23.53,22.74,0.79,0.29,0.18,2.86,0,0,0.019,0.229
belief-worker-0766,bargaining_prompt,0,1,22.62,23.8,22.23,1.57,0.29,0.18,1.79,0,0,0.009,0.263
belief-worker-0767,info_bargaining,1,1,22.87,24.06,23.6,0.46,0.29,0.18,3.82,1,0,0.064,0.214
belief-worker-0768,control,0,0,22.54,23.85,21.59,2.25,0.38,0.26,0.84,0,0,0.007,0.362
belief-worker-0769,outside_option_info,1,0,22.79,24.11,23.15,0.96,0.38,0.26,2.8,0,0,0.017,0.304
belief-worker-0770,bargaining_prompt,0,1,23.04,24.38,22.49,1.89,0.38,0.26,1.74,1,0,0.052,0.344
belief-worker-0771,info_bargaining,1,1,23.29,24.64,24.08,0.56,0.38,0.26,3.78,0,0,0.017,0.286
belief-worker-0772,control,0,0,22.96,24.43,21.78,2.65,0.47,0.34,0.79,0,0,0.006,0.446
belief-worker-0773,outside_option_info,1,0,23.21,24.7,23.57,1.13,0.47,0.34,2.75,0,0,0.016,0.379
belief-worker-0774,bargaining_prompt,0,1,23.46,24.96,22.74,2.22,0.47,0.34,1.69,0,0,0.006,0.425
belief-worker-0775,info_bargaining,1,1,23.71,25.23,24.57,0.66,0.47,0.34,3.74,0,0,0.016,0.358
belief-worker-0776,control,0,0,23.38,25.02,21.95,3.06,0.56,0.42,0.74,0,0,0.004,0.53
belief-worker-0777,outside_option_info,1,0,23.63,25.28,23.98,1.3,0.56,0.42,2.7,0,0,0.014,0.454
belief-worker-0778,bargaining_prompt,0,1,23.88,25.55,22.99,2.57,0.56,0.42,1.64,1,0,0.049,0.506
belief-worker-0779,info_bargaining,1,1,24.13,25.82,25.06,0.76,0.56,0.42,3.7,0,0,0.014,0.43
belief-worker-0780,control,0,0,23.8,25.61,22.12,3.49,0.65,0.5,0.28,0,0,0.003,0.614
belief-worker-0781,outside_option_info,1,0,24.05,25.88,24.4,1.48,0.65,0.5,2.25,0,0,0.013,0.529
belief-worker-0782,bargaining_prompt,0,1,24.3,26.15,23.23,2.92,0.65,0.5,1.19,0,0,0.003,0.588
belief-worker-0783,info_bargaining,1,1,24.55,26.42,25.55,0.86,0.65,0.5,3.27,0,0,0.013,0.503
belief-worker-0784,control,0,0,24.22,26.21,22.28,3.92,0.74,0.58,0.23,0,0,0.002,0.698
belief-worker-0785,outside_option_info,1,0,24.47,26.48,24.81,1.66,0.74,0.58,2.2,0,0,0.012,0.604
belief-worker-0786,bargaining_prompt,0,1,24.72,26.75,23.46,3.28,0.74,0.58,1.13,1,0,0.047,0.669
belief-worker-0787,info_bargaining,1,1,24.97,27.02,26.05,0.97,0.74,0.58,3.23,0,0,0.012,0.575
belief-worker-0788,control,0,0,24.64,26.81,22.43,4.37,0.83,0.66,0.18,0,0,0.0,0.782
belief-worker-0789,outside_option_info,1,0,24.89,27.08,25.22,1.86,0.83,0.66,2.14,0,0,0.01,0.679
belief-worker-0790,bargaining_prompt,0,1,25.14,27.35,23.69,3.66,0.83,0.66,1.08,0,0,0.0,0.75
belief-worker-0791,info_bargaining,1,1,25.39,27.62,26.54,1.08,0.83,0.66,3.19,0,0,0.01,0.647
belief-worker-0792,control,0,0,25.06,26.06,24.19,1.87,0.2,0.18,1.15,0,0,0.009,0.228
belief-worker-0793,outside_option_info,1,0,25.31,26.32,25.53,0.79,0.2,0.18,3.09,0,0,0.019,0.184
belief-worker-0794,bargaining_prompt,0,1,25.56,26.58,25.02,1.56,0.2,0.18,2.05,1,0,0.054,0.214
belief-worker-0795,info_bargaining,1,1,25.81,26.84,26.38,0.46,0.2,0.18,4.05,0,1,0.104,0.171
belief-worker-0796,control,0,0,25.48,26.65,24.36,2.3,0.29,0.26,1.1,0,0,0.007,0.312
belief-worker-0797,outside_option_info,1,0,25.73,26.91,25.94,0.97,0.29,0.26,3.03,0,0,0.017,0.259
belief-worker-0798,bargaining_prompt,0,1,25.98,27.18,25.26,1.92,0.29,0.26,2.0,0,0,0.007,0.295
belief-worker-0799,info_bargaining,1,1,26.23,27.44,26.87,0.57,0.29,0.26,4.01,0,0,0.017,0.243
belief-worker-0800,control,0,0,25.9,27.25,24.51,2.74,0.38,0.34,0.65,0,0,0.006,0.396
belief-worker-0801,outside_option_info,1,0,26.15,27.51,26.35,1.16,0.38,0.34,2.58,0,0,0.016,0.334
belief-worker-0802,bargaining_prompt,0,1,26.4,27.77,25.49,2.29,0.38,0.34,1.55,0,0,0.006,0.377
belief-worker-0803,info_bargaining,1,1,26.65,28.04,27.36,0.68,0.38,0.34,3.57,0,1,0.101,0.315
belief-worker-0804,control,0,0,26.32,27.85,24.66,3.19,0.47,0.42,0.59,0,0,0.004,0.48
belief-worker-0805,outside_option_info,1,0,26.57,28.11,26.76,1.35,0.47,0.42,2.53,1,0,0.059,0.409
belief-worker-0806,bargaining_prompt,0,1,26.82,28.38,25.71,2.66,0.47,0.42,1.5,0,0,0.004,0.458
belief-worker-0807,info_bargaining,1,1,27.07,28.64,27.85,0.79,0.47,0.42,3.54,0,0,0.014,0.388
belief-worker-0808,control,0,0,26.74,28.45,24.8,3.65,0.56,0.5,0.54,0,0,0.003,0.564
belief-worker-0809,outside_option_info,1,0,26.99,28.72,27.17,1.55,0.56,0.5,2.48,0,0,0.013,0.484
belief-worker-0810,bargaining_prompt,0,1,27.24,28.98,25.93,3.05,0.56,0.5,1.44,0,0,0.003,0.539
belief-worker-0811,info_bargaining,1,1,27.49,29.25,28.35,0.9,0.56,0.5,3.5,0,0,0.013,0.46
belief-worker-0812,control,0,0,27.16,29.06,24.93,4.13,0.65,0.58,0.49,0,0,0.002,0.648
belief-worker-0813,outside_option_info,1,0,27.41,29.33,27.58,1.75,0.65,0.58,2.42,1,0,0.057,0.559
belief-worker-0814,bargaining_prompt,0,1,27.66,29.6,26.15,3.45,0.65,0.58,1.39,0,0,0.002,0.62
belief-worker-0815,info_bargaining,1,1,27.91,29.86,28.84,1.02,0.65,0.58,3.46,0,0,0.012,0.532
belief-worker-0816,control,0,0,27.58,29.68,25.05,4.62,0.74,0.66,0.44,0,0,0.0,0.732
belief-worker-0817,outside_option_info,1,0,27.83,29.95,27.99,1.96,0.74,0.66,2.37,0,0,0.01,0.634
belief-worker-0818,bargaining_prompt,0,1,28.08,30.21,26.35,3.86,0.74,0.66,1.34,0,0,0.0,0.701
belief-worker-0819,info_bargaining,1,1,28.33,30.48,29.34,1.14,0.74,0.66,3.42,0,0,0.01,0.604
belief-worker-0820,control,0,0,28.0,30.3,26.27,4.03,0.83,0.18,0.21,0,0,0.009,0.58
belief-worker-0821,outside_option_info,1,0,28.25,30.57,28.86,1.71,0.83,0.18,2.22,1,0,0.064,0.497
belief-worker-0822,bargaining_prompt,0,1,28.5,30.84,27.47,3.36,0.83,0.18,1.11,0,0,0.009,0.554
belief-worker-0823,info_bargaining,1,1,28.75,31.11,30.11,0.99,0.83,0.18,3.26,0,0,0.019,0.471
belief-worker-0824,control,0,0,28.42,30.92,28.64,2.28,0.2,0.26,1.0,0,0,0.007,0.261
belief-worker-0825,outside_option_info,1,0,28.67,31.19,30.23,0.97,0.2,0.26,3.14,0,0,0.017,0.215
belief-worker-0826,bargaining_prompt,0,1,28.92,31.46,29.56,1.9,0.2,0.26,1.97,0,0,0.007,0.247
belief-worker-0827,info_bargaining,1,1,29.17,31.74,31.18,0.56,0.2,0.26,4.12,1,0,0.062,0.2
belief-worker-0828,control,0,0,28.84,29.99,27.23,2.76,0.29,0.34,0.9,0,0,0.006,0.345
belief-worker-0829,outside_option_info,1,0,29.09,30.25,29.08,1.17,0.29,0.34,2.8,0,0,0.016,0.29
belief-worker-0830,bargaining_prompt,0,1,29.34,30.51,28.21,2.3,0.29,0.34,1.81,0,1,0.091,0.328
belief-worker-0831,info_bargaining,1,1,29.59,30.77,30.09,0.68,0.29,0.34,3.8,0,0,0.016,0.272
belief-worker-0832,control,0,0,29.26,30.61,27.35,3.25,0.38,0.42,0.85,0,0,0.004,0.429
belief-worker-0833,outside_option_info,1,0,29.51,30.87,29.49,1.38,0.38,0.42,2.75,0,0,0.014,0.365
belief-worker-0834,bargaining_prompt,0,1,29.76,31.13,28.42,2.71,0.38,0.42,1.75,0,0,0.004,0.409
belief-worker-0835,info_bargaining,1,1,30.01,31.39,30.59,0.8,0.38,0.42,3.76,1,0,0.059,0.345
belief-worker-0836,control,0,0,29.68,31.22,27.46,3.76,0.47,0.5,0.8,0,0,0.003,0.513
belief-worker-0837,outside_option_info,1,0,29.93,31.49,29.89,1.59,0.47,0.5,2.7,0,0,0.013,0.44
belief-worker-0838,bargaining_prompt,0,1,30.18,31.75,28.61,3.14,0.47,0.5,1.7,0,0,0.003,0.49
belief-worker-0839,info_bargaining,1,1,30.43,32.01,31.09,0.93,0.47,0.5,3.72,0,0,0.013,0.417
belief-worker-0840,control,0,0,30.1,31.85,27.57,4.28,0.56,0.58,0.35,1,0,0.047,0.597
belief-worker-0841,outside_option_info,1,0,30.35,32.11,30.3,1.81,0.56,0.58,2.25,0,0,0.012,0.515
belief-worker-0842,bargaining_prompt,0,1,30.6,32.37,28.81,3.57,0.56,0.58,1.25,0,0,0.002,0.572
belief-worker-0843,info_bargaining,1,1,30.85,32.64,31.59,1.05,0.56,0.58,3.28,1,0,0.057,0.489
belief-worker-0844,control,0,0,30.52,32.47,27.66,4.81,0.65,0.66,0.3,0,0,0.0,0.681
belief-worker-0845,outside_option_info,1,0,30.77,32.74,30.7,2.04,0.65,0.66,2.2,0,0,0.01,0.59
belief-worker-0846,bargaining_prompt,0,1,31.02,33.01,28.99,4.01,0.65,0.66,1.2,0,0,0.0,0.653
belief-worker-0847,info_bargaining,1,1,31.27,33.27,32.09,1.18,0.65,0.66,3.25,0,0,0.01,0.561
belief-worker-0848,control,0,0,30.94,33.11,28.96,4.15,0.74,0.18,0.47,0,0,0.009,0.53
belief-worker-0849,outside_option_info,1,0,31.19,33.37,31.62,1.76,0.74,0.18,2.45,0,1,0.104,0.452
belief-worker-0850,bargaining_prompt,0,1,31.44,33.64,30.19,3.45,0.74,0.18,1.37,0,0,0.009,0.506
belief-worker-0851,info_bargaining,1,1,31.69,33.91,32.89,1.02,0.74,0.18,3.49,1,0,0.064,0.428
belief-worker-0852,control,0,0,31.36,33.74,29.06,4.69,0.83,0.26,0.42,0,0,0.007,0.614
belief-worker-0853,outside_option_info,1,0,31.61,34.01,32.03,1.98,0.83,0.26,2.4,0,0,0.017,0.527
belief-worker-0854,bargaining_prompt,0,1,31.86,34.28,30.38,3.91,0.83,0.26,1.32,0,0,0.007,0.587
belief-worker-0855,info_bargaining,1,1,32.11,34.55,33.4,1.15,0.83,0.26,3.45,0,0,0.017,0.5
belief-worker-0856,control,0,0,31.78,34.39,31.66,2.73,0.2,0.34,1.16,0,0,0.006,0.295
belief-worker-0857,outside_option_info,1,0,32.03,34.66,33.5,1.15,0.2,0.34,3.33,0,1,0.101,0.245
belief-worker-0858,bargaining_prompt,0,1,32.28,34.93,32.66,2.27,0.2,0.34,2.13,0,0,0.006,0.279
belief-worker-0859,info_bargaining,1,1,32.53,35.2,34.53,0.67,0.2,0.34,4.32,1,0,0.061,0.23
belief-worker-0860,control,0,0,32.2,35.03,31.77,3.26,0.29,0.42,0.71,0,0,0.004,0.379
belief-worker-0861,outside_option_info,1,0,32.45,35.31,33.92,1.38,0.29,0.42,2.88,0,0,0.014,0.32
belief-worker-0862,bargaining_prompt,0,1,32.7,35.58,32.86,2.72,0.29,0.42,1.64,1,0,0.049,0.361
belief-worker-0863,info_bargaining,1,1,32.95,35.85,35.05,0.8,0.29,0.42,3.89,0,0,0.014,0.302
belief-worker-0864,control,0,0,17.5,18.2,16.16,2.04,0.38,0.5,0.66,0,0,0.003,0.463
belief-worker-0865,outside_option_info,1,0,17.75,18.46,17.59,0.87,0.38,0.5,2.56,0,0,0.013,0.395
belief-worker-0866,bargaining_prompt,0,1,18.0,18.72,17.0,1.72,0.38,0.5,1.56,0,0,0.003,0.442
belief-worker-0867,info_bargaining,1,1,18.25,18.98,18.47,0.51,0.38,0.5,3.5,1,0,0.058,0.374
belief-worker-0868,control,0,0,17.92,18.74,16.37,2.37,0.47,0.58,0.61,0,0,0.002,0.547
belief-worker-0869,outside_option_info,1,0,18.17,19.01,18.0,1.01,0.47,0.58,2.51,0,0,0.012,0.47
belief-worker-0870,bargaining_prompt,0,1,18.42,19.27,17.27,2.0,0.47,0.58,1.51,1,0,0.047,0.523
belief-worker-0871,info_bargaining,1,1,18.67,19.53,18.94,0.59,0.47,0.58,3.46,0,0,0.012,0.446
belief-worker-0872,control,0,0,18.34,19.29,16.58,2.71,0.56,0.66,0.56,0,0,0.0,0.631
belief-worker-0873,outside_option_info,1,0,18.59,19.56,18.4,1.15,0.56,0.66,2.46,0,0,0.01,0.545
belief-worker-0874,bargaining_prompt,0,1,18.84,19.82,17.54,2.28,0.56,0.66,1.46,0,0,0.0,0.604
belief-worker-0875,info_bargaining,1,1,19.09,20.08,19.41,0.68,0.56,0.66,3.42,0,0,0.01,0.518
belief-worker-0876,control,0,0,18.76,19.85,17.52,2.33,0.65,0.18,0.73,0,0,0.009,0.48
belief-worker-0877,outside_option_info,1,0,19.01,20.11,19.12,0.99,0.65,0.18,2.65,0,0,0.019,0.408
belief-worker-0878,bargaining_prompt,0,1,19.26,20.38,18.42,1.96,0.65,0.18,1.63,1,0,0.054,0.457
belief-worker-0879,info_bargaining,1,1,19.51,20.64,20.06,0.58,0.65,0.18,3.63,0,0,0.019,0.385
belief-worker-0880,control,0,0,19.18,20.41,17.73,2.68,0.74,0.26,0.28,0,0,0.007,0.564
belief-worker-0881,outside_option_info,1,0,19.43,20.67,19.53,1.14,0.74,0.26,2.2,0,0,0.017,0.483
belief-worker-0882,bargaining_prompt,0,1,19.68,20.94,18.69,2.25,0.74,0.26,1.18,0,0,0.007,0.538
belief-worker-0883,info_bargaining,1,1,19.93,21.21,20.54,0.67,0.74,0.26,3.19,0,0,0.017,0.458
belief-worker-0884,control,0,0,19.6,20.97,17.93,3.04,0.83,0.34,0.23,0,0,0.006,0.648
belief-worker-0885,outside_option_info,1,0,19.85,21.24,19.95,1.29,0.83,0.34,2.15,0,0,0.016,0.558
belief-worker-0886,bargaining_prompt,0,1,20.1,21.51,18.95,2.56,0.83,0.34,1.13,1,0,0.051,0.62
belief-worker-0887,info_bargaining,1,1,20.35,21.77,21.02,0.76,0.83,0.34,3.15,0,0,0.016,0.53
belief-worker-0888,control,0,0,20.02,21.54,19.71,1.83,0.2,0.42,0.97,0,0,0.004,0.328
belief-worker-0889,outside_option_info,1,0,20.27,21.81,21.03,0.78,0.2,0.42,3.01,0,0,0.014,0.275
belief-worker-0890,bargaining_prompt,0,1,20.52,22.08,20.54,1.54,0.2,0.42,1.88,0,0,0.004,0.312
belief-worker-0891,info_bargaining,1,1,20.77,22.35,21.89,0.46,0.2,0.42,3.97,0,0,0.014,0.259
belief-worker-0892,control,0,0,20.44,22.12,19.93,2.19,0.29,0.5,0.92,0,0,0.003,0.412
belief-worker-0893,outside_option_info,1,0,20.69,22.39,21.46,0.93,0.29,0.5,2.96,0,0,0.013,0.35
belief-worker-0894,bargaining_prompt,0,1,20.94,22.66,20.82,1.84,0.29,0.5,1.82,1,0,0.048,0.393
belief-worker-0895,info_bargaining,1,1,21.19,22.93,22.38,0.54,0.29,0.5,3.94,0,1,0.098,0.331
belief-worker-0896,control,0,0,20.86,22.7,20.14,2.55,0.38,0.58,0.87,0,0,0.002,0.496
belief-worker-0897,outside_option_info,1,0,21.11,22.97,21.88,1.09,0.38,0.58,2.91,0,0,0.012,0.425
belief-worker-0898,bargaining_prompt,0,1,21.36,23.24,21.1,2.14,0.38,0.58,1.77,0,0,0.002,0.474
belief-worker-0899,info_bargaining,1,1,21.61,23.51,22.88,0.63,0.38,0.58,3.9,0,0,0.012,0.403
belief-worker-0900,control,0,0,21.28,22.13,19.2,2.93,0.47,0.66,0.42,0,0,0.0,0.58
belief-worker-0901,outside_option_info,1,0,21.53,22.39,21.14,1.25,0.47,0.66,2.32,0,0,0.01,0.5
belief-worker-0902,bargaining_prompt,0,1,21.78,22.65,20.19,2.46,0.47,0.66,1.32,0,0,0.0,0.556
belief-worker-0903,info_bargaining,1,1,22.03,22.91,22.18,0.73,0.47,0.66,3.25,0,1,0.095,0.476
belief-worker-0904,control,0,0,21.7,22.7,20.22,2.48,0.56,0.18,0.59,0,0,0.009,0.429
belief-worker-0905,outside_option_info,1,0,21.95,22.96,21.91,1.05,0.56,0.18,2.49,1,0,0.064,0.363
belief-worker-0906,bargaining_prompt,0,1,22.2,23.22,21.14,2.08,0.56,0.18,1.49,0,0,0.009,0.409
belief-worker-0907,info_bargaining,1,1,22.45,23.48,22.87,0.62,0.56,0.18,3.47,0,0,0.019,0.342
belief-worker-0908,control,0,0,22.12,23.27,20.4,2.87,0.65,0.26,0.54,0,0,0.007,0.513
belief-worker-0909,outside_option_info,1,0,22.37,23.53,22.31,1.22,0.65,0.26,2.44,0,0,0.017,0.438
belief-worker-0910,bargaining_prompt,0,1,22.62,23.8,21.39,2.41,0.65,0.26,1.44,0,0,0.007,0.49
belief-worker-0911,info_bargaining,1,1,22.87,24.06,23.35,0.71,0.65,0.26,3.43,0,0,0.017,0.415
belief-worker-0912,control,0,0,22.54,23.85,20.57,3.27,0.74,0.34,0.49,0,0,0.006,0.597
belief-worker-0913,outside_option_info,1,0,22.79,24.11,22.72,1.39,0.74,0.34,2.39,1,0,0.061,0.513
belief-worker-0914,bargaining_prompt,0,1,23.04,24.38,21.63,2.74,0.74,0.34,1.39,0,0,0.006,0.571
belief-worker-0915,info_bargaining,1,1,23.29,24.64,23.83,0.81,0.74,0.34,3.39,0,0,0.016,0.487
belief-worker-0916,control,0,0,22.96,24.43,20.74,3.69,0.83,0.42,0.44,0,0,0.004,0.681
belief-worker-0917,outside_option_info,1,0,23.21,24.7,23.13,1.57,0.83,0.42,2.34,0,0,0.014,0.588
belief-worker-0918,bargaining_prompt,0,1,23.46,24.96,21.87,3.09,0.83,0.42,1.34,0,0,0.004,0.652
belief-worker-0919,info_bargaining,1,1,23.71,25.23,24.31,0.91,0.83,0.42,3.35,0,0,0.014,0.559
belief-worker-0920,control,0,0,23.38,25.02,22.75,2.27,0.2,0.5,0.78,0,0,0.003,0.362
belief-worker-0921,outside_option_info,1,0,23.63,25.28,24.32,0.96,0.2,0.5,2.8,1,0,0.058,0.306
belief-worker-0922,bargaining_prompt,0,1,23.88,25.55,23.65,1.9,0.2,0.5,1.68,0,0,0.003,0.345
belief-worker-0923,info_bargaining,1,1,24.13,25.82,25.26,0.56,0.2,0.5,3.78,0,0,0.013,0.288
belief-worker-0924,control,0,0,23.8,25.61,22.93,2.68,0.29,0.58,0.73,0,0,0.002,0.446
belief-worker-0925,outside_option_info,1,0,24.05,25.88,24.74,1.14,0.29,0.58,2.75,0,0,0.012,0.381
belief-worker-0926,bargaining_prompt,0,1,24.3,26.15,23.91,2.24,0.29,0.58,1.63,0,0,0.002,0.426
belief-worker-0927,info_bargaining,1,1,24.55,26.42,25.75,0.66,0.29,0.58,3.75,1,0,0.057,0.361
belief-worker-0928,control,0,0,24.22,26.21,23.11,3.1,0.38,0.66,0.68,0,0,0.0,0.53
belief-worker-0929,outside_option_info,1,0,24.47,26.48,25.16,1.32,0.38,0.66,2.7,0,0,0.01,0.456
belief-worker-0930,bargaining_prompt,0,1,24.72,26.75,24.15,2.59,0.38,0.66,1.58,0,1,0.085,0.507
belief-worker-0931,info_bargaining,1,1,24.97,27.02,26.25,0.77,0.38,0.66,3.71,0,0,0.01,0.433
belief-worker-0932,control,0,0,24.64,26.81,24.24,2.57,0.47,0.18,0.85,0,0,0.009,0.379
belief-worker-0933,outside_option_info,1,0,24.89,27.08,25.99,1.09,0.47,0.18,2.95,0,0,0.019,0.318
belief-worker-0934,bargaining_prompt,0,1,25.14,27.35,25.2,2.15,0.47,0.18,1.76,0,0,0.009,0.36
belief-worker-0935,info_bargaining,1,1,25.39,27.62,26.99,0.64,0.47,0.18,3.94,1,0,0.064,0.3
belief-worker-0936,control,0,0,25.06,26.06,23.06,3.0,0.56,0.26,0.8,0,0,0.007,0.463
belief-worker-0937,outside_option_info,1,0,25.31,26.32,25.05,1.27,0.56,0.26,2.7,0,0,0.017,0.393
belief-worker-0938,bargaining_prompt,0,1,25.56,26.58,24.07,2.51,0.56,0.26,1.7,0,0,0.007,0.441
belief-worker-0939,info_bargaining,1,1,25.81,26.84,26.1,0.74,0.56,0.26,3.65,0,0,0.017,0.372
belief-worker-0940,control,0,0,25.48,26.65,23.2,3.45,0.65,0.34,0.35,1,0,0.051,0.547
belief-worker-0941,outside_option_info,1,0,25.73,26.91,25.45,1.46,0.65,0.34,2.25,0,0,0.016,0.468
belief-worker-0942,bargaining_prompt,0,1,25.98,27.18,24.29,2.88,0.65,0.34,1.25,0,0,0.006,0.522
belief-worker-0943,info_bargaining,1,1,26.23,27.44,26.58,0.85,0.65,0.34,3.21,1,0,0.061,0.444
belief-worker-0944,control,0,0,25.9,27.25,23.34,3.91,0.74,0.42,0.3,0,0,0.004,0.631
belief-worker-0945,outside_option_info,1,0,26.15,27.51,25.85,1.66,0.74,0.42,2.2,0,0,0.014,0.543
belief-worker-0946,bargaining_prompt,0,1,26.4,27.77,24.51,3.26,0.74,0.42,1.2,0,0,0.004,0.604
belief-worker-0947,info_bargaining,1,1,26.65,28.04,27.07,0.96,0.74,0.42,3.17,0,0,0.014,0.516
belief-worker-0948,control,0,0,26.32,27.85,23.47,4.38,0.83,0.5,0.25,0,0,0.003,0.715
belief-worker-0949,outside_option_info,1,0,26.57,28.11,26.26,1.86,0.83,0.5,2.15,0,0,0.013,0.618
belief-worker-0950,bargaining_prompt,0,1,26.82,28.38,24.72,3.66,0.83,0.5,1.15,0,0,0.003,0.685
belief-worker-0951,info_bargaining,1,1,27.07,28.64,27.56,1.08,0.83,0.5,3.14,1,0,0.058,0.588
belief-worker-0952,control,0,0,26.74,28.45,25.71,2.74,0.2,0.58,0.99,0,0,0.002,0.396
belief-worker-0953,outside_option_info,1,0,26.99,28.72,27.55,1.16,0.2,0.58,2.99,0,0,0.012,0.336
belief-worker-0954,bargaining_prompt,0,1,27.24,28.98,26.69,2.29,0.2,0.58,1.89,0,0,0.002,0.377
belief-worker-0955,info_bargaining,1,1,27.49,29.25,28.57,0.68,0.2,0.58,3.98,0,0,0.012,0.318
belief-worker-0956,control,0,0,27.16,29.06,25.85,3.21,0.29,0.66,0.94,0,0,0.0,0.48
belief-worker-0957,outside_option_info,1,0,27.41,29.33,27.97,1.36,0.29,0.66,2.94,0,1,0.095,0.411
belief-worker-0958,bargaining_prompt,0,1,27.66,29.6,26.92,2.68,0.29,0.66,1.84,0,0,0.0,0.458
belief-worker-0959,info_bargaining,1,1,27.91,29.86,29.07,0.79,0.29,0.66,3.95,1,0,0.055,0.39
belief-worker-0960,control,0,0,27.58,29.68,27.07,2.6,0.38,0.18,0.71,0,0,0.009,0.328
belief-worker-0961,outside_option_info,1,0,27.83,29.95,28.84,1.1,0.38,0.18,2.79,0,0,0.019,0.274
belief-worker-0962,bargaining_prompt,0,1,28.08,30.21,28.04,2.17,0.38,0.18,1.61,1,0,0.054,0.311
belief-worker-0963,info_bargaining,1,1,28.33,30.48,29.84,0.64,0.38,0.18,3.78,0,0,0.019,0.257
belief-worker-0964,control,0,0,28.0,30.3,27.22,3.08,0.47,0.26,0.66,0,0,0.007,0.412
belief-worker-0965,outside_option_info,1,0,28.25,30.57,29.26,1.3,0.47,0.26,2.74,0,0,0.017,0.349
belief-worker-0966,bargaining_prompt,0,1,28.5,30.84,28.27,2.57,0.47,0.26,1.56,0,0,0.007,0.393
belief-worker-0967,info_bargaining,1,1,28.75,31.11,30.35,0.76,0.47,0.26,3.75,1,0,0.062,0.329
belief-worker-0968,control,0,0,28.42,30.92,27.36,3.56,0.56,0.34,0.61,0,0,0.006,0.496
belief-worker-0969,outside_option_info,1,0,28.67,31.19,29.68,1.51,0.56,0.34,2.69,0,0,0.016,0.424
belief-worker-0970,bargaining_prompt,0,1,28.92,31.46,28.49,2.97,0.56,0.34,1.51,1,0,0.051,0.474
belief-worker-0971,info_bargaining,1,1,29.17,31.74,30.86,0.88,0.56,0.34,3.71,0,0,0.016,0.401
belief-worker-0972,control,0,0,28.84,29.99,25.93,4.06,0.65,0.42,0.56,0,0,0.004,0.58
belief-worker-0973,outside_option_info,1,0,29.09,30.25,28.53,1.72,0.65,0.42,2.46,0,0,0.014,0.499
belief-worker-0974,bargaining_prompt,0,1,29.34,30.51,27.12,3.39,0.65,0.42,1.46,0,0,0.004,0.555
belief-worker-0975,info_bargaining,1,1,29.59,30.77,29.77,1.0,0.65,0.42,3.39,0,0,0.014,0.473
belief-worker-0976,control,0,0,29.26,30.61,26.03,4.58,0.74,0.5,0.51,0,0,0.003,0.664
belief-worker-0977,outside_option_info,1,0,29.51,30.87,28.93,1.94,0.74,0.5,2.41,0,0,0.013,0.574
belief-worker-0978,bargaining_prompt,0,1,29.76,31.13,27.31,3.82,0.74,0.5,1.41,1,0,0.048,0.636
belief-worker-0979,info_bargaining,1,1,30.01,31.39,30.26,1.13,0.74,0.5,3.35,0,0,0.013,0.546
belief-worker-0980,control,0,0,29.68,31.22,26.12,5.1,0.83,0.58,0.05,0,0,0.002,0.748
belief-worker-0981,outside_option_info,1,0,29.93,31.49,29.33,2.16,0.83,0.58,1.95,0,0,0.012,0.649
belief-worker-0982,bargaining_prompt,0,1,30.18,31.75,27.5,4.25,0.83,0.58,0.95,0,0,0.002,0.717
belief-worker-0983,info_bargaining,1,1,30.43,32.01,30.76,1.26,0.83,0.58,2.91,0,0,0.012,0.618
belief-worker-0984,control,0,0,30.1,31.85,28.59,3.26,0.2,0.66,0.8,0,0,0.0,0.429
belief-worker-0985,outside_option_info,1,0,30.35,32.11,30.73,1.38,0.2,0.66,2.76,0,0,0.01,0.366
belief-worker-0986,bargaining_prompt,0,1,30.6,32.37,29.66,2.71,0.2,0.66,1.7,1,0,0.045,0.41
belief-worker-0987,info_bargaining,1,1,30.85,32.64,31.84,0.8,0.2,0.66,3.77,0,1,0.095,0.347
belief-worker-0988,control,0,0,30.52,32.47,29.89,2.58,0.29,0.18,0.97,0,0,0.009,0.278
belief-worker-0989,outside_option_info,1,0,30.77,32.74,31.65,1.09,0.29,0.18,3.03,0,0,0.019,0.229
belief-worker-0990,bargaining_prompt,0,1,31.02,33.01,30.86,2.15,0.29,0.18,1.87,0,0,0.009,0.263
belief-worker-0991,info_bargaining,1,1,31.27,33.27,32.64,0.63,0.29,0.18,4.02,0,0,0.019,0.214
belief-worker-0992,control,0,0,30.94,33.11,30.01,3.09,0.38,0.26,0.92,0,0,0.007,0.362
belief-worker-0993,outside_option_info,1,0,31.19,33.37,32.06,1.31,0.38,0.26,2.98,0,0,0.017,0.304
belief-worker-0994,bargaining_prompt,0,1,31.44,33.64,31.06,2.58,0.38,0.26,1.82,1,0,0.052,0.344
belief-worker-0995,info_bargaining,1,1,31.69,33.91,33.15,0.76,0.38,0.26,3.98,0,1,0.102,0.286
belief-worker-0996,control,0,0,31.36,33.74,30.12,3.62,0.47,0.34,0.87,0,0,0.006,0.446
belief-worker-0997,outside_option_info,1,0,31.61,34.01,32.48,1.53,0.47,0.34,2.92,1,0,0.061,0.379
belief-worker-0998,bargaining_prompt,0,1,31.86,34.28,31.26,3.02,0.47,0.34,1.77,0,0,0.006,0.425
belief-worker-0999,info_bargaining,1,1,32.11,34.55,33.66,0.89,0.47,0.34,3.95,0,0,0.016,0.358
