pair_id,application_id,identity_signal,occupation,employer_climate,state_protection,employer_size,resume_quality,local_unemployment,callback
P001,P001_control,control,sales,low,1,large,0.4605,0.0540,0
P001,P001_gay_signal,gay_signal,sales,low,1,large,0.4605,0.0540,1
P002,P002_control,control,clerical,middle,0,small,0.7142,0.0535,1
P002,P002_gay_signal,gay_signal,clerical,middle,0,small,0.7142,0.0535,1
P003,P003_control,control,finance,low,0,small,0.5187,0.0915,1
P003,P003_gay_signal,gay_signal,finance,low,0,small,0.5187,0.0915,0
P004,P004_control,control,management,low,0,large,0.7217,0.0692,1
P004,P004_gay_signal,gay_signal,management,low,0,large,0.7217,0.0692,0
P005,P005_control,control,public,low,1,large,0.6952,0.0858,0
P005,P005_gay_signal,gay_signal,public,low,1,large,0.6952,0.0858,0
P006,P006_control,control,tech,middle,0,large,0.4818,0.0551,0
P006,P006_gay_signal,gay_signal,tech,middle,0,large,0.4818,0.0551,1
P007,P007_control,control,sales,low,1,small,0.4263,0.0534,1
P007,P007_gay_signal,gay_signal,sales,low,1,small,0.4263,0.0534,0
P008,P008_control,control,clerical,low,0,large,0.4743,0.0676,1
P008,P008_gay_signal,gay_signal,clerical,low,0,large,0.4743,0.0676,1
P009,P009_control,control,finance,middle,0,medium,0.7357,0.0579,0
P009,P009_gay_signal,gay_signal,finance,middle,0,medium,0.7357,0.0579,0
P010,P010_control,control,management,middle,1,small,0.2591,0.0724,1
P010,P010_gay_signal,gay_signal,management,middle,1,small,0.2591,0.0724,0
P011,P011_control,control,public,high,0,large,0.4616,0.0438,1
P011,P011_gay_signal,gay_signal,public,high,0,large,0.4616,0.0438,1
P012,P012_control,control,tech,middle,1,small,0.6836,0.0619,0
P012,P012_gay_signal,gay_signal,tech,middle,1,small,0.6836,0.0619,1
P013,P013_control,control,sales,high,1,small,0.4101,0.0368,0
P013,P013_gay_signal,gay_signal,sales,high,1,small,0.4101,0.0368,0
P014,P014_control,control,clerical,middle,0,small,0.8873,0.0300,0
P014,P014_gay_signal,gay_signal,clerical,middle,0,small,0.8873,0.0300,1
P015,P015_control,control,finance,middle,1,medium,0.5788,0.0824,1
P015,P015_gay_signal,gay_signal,finance,middle,1,medium,0.5788,0.0824,1
P016,P016_control,control,management,low,0,small,0.7026,0.0306,0
P016,P016_gay_signal,gay_signal,management,low,0,small,0.7026,0.0306,0
P017,P017_control,control,public,middle,1,large,0.6409,0.0500,1
P017,P017_gay_signal,gay_signal,public,middle,1,large,0.6409,0.0500,1
P018,P018_control,control,tech,low,0,small,0.6628,0.0699,0
P018,P018_gay_signal,gay_signal,tech,low,0,small,0.6628,0.0699,1
P019,P019_control,control,sales,middle,0,small,0.6474,0.0575,0
P019,P019_gay_signal,gay_signal,sales,middle,0,small,0.6474,0.0575,0
P020,P020_control,control,clerical,middle,1,medium,0.7183,0.0571,0
P020,P020_gay_signal,gay_signal,clerical,middle,1,medium,0.7183,0.0571,1
P021,P021_control,control,finance,low,0,medium,0.5799,0.0558,0
P021,P021_gay_signal,gay_signal,finance,low,0,medium,0.5799,0.0558,1
P022,P022_control,control,management,middle,1,medium,0.4668,0.0758,0
P022,P022_gay_signal,gay_signal,management,middle,1,medium,0.4668,0.0758,1
P023,P023_control,control,public,middle,0,small,0.8179,0.0532,1
P023,P023_gay_signal,gay_signal,public,middle,0,small,0.8179,0.0532,0
P024,P024_control,control,tech,low,1,large,0.4969,0.0826,0
P024,P024_gay_signal,gay_signal,tech,low,1,large,0.4969,0.0826,0
P025,P025_control,control,sales,low,1,medium,0.8905,0.0611,0
P025,P025_gay_signal,gay_signal,sales,low,1,medium,0.8905,0.0611,1
P026,P026_control,control,clerical,middle,1,medium,0.5790,0.0572,0
P026,P026_gay_signal,gay_signal,clerical,middle,1,medium,0.5790,0.0572,0
P027,P027_control,control,finance,low,1,large,0.4034,0.0490,0
P027,P027_gay_signal,gay_signal,finance,low,1,large,0.4034,0.0490,0
P028,P028_control,control,management,middle,1,small,0.5645,0.0655,0
P028,P028_gay_signal,gay_signal,management,middle,1,small,0.5645,0.0655,1
P029,P029_control,control,public,low,1,medium,0.7018,0.0699,0
P029,P029_gay_signal,gay_signal,public,low,1,medium,0.7018,0.0699,0
P030,P030_control,control,tech,middle,1,small,0.5379,0.0707,1
P030,P030_gay_signal,gay_signal,tech,middle,1,small,0.5379,0.0707,0
P031,P031_control,control,sales,middle,0,medium,0.5435,0.0452,0
P031,P031_gay_signal,gay_signal,sales,middle,0,medium,0.5435,0.0452,0
P032,P032_control,control,clerical,low,1,medium,0.7012,0.0529,1
P032,P032_gay_signal,gay_signal,clerical,low,1,medium,0.7012,0.0529,0
P033,P033_control,control,finance,middle,1,large,0.5846,0.0805,0
P033,P033_gay_signal,gay_signal,finance,middle,1,large,0.5846,0.0805,0
P034,P034_control,control,management,low,0,large,0.8299,0.0522,0
P034,P034_gay_signal,gay_signal,management,low,0,large,0.8299,0.0522,0
P035,P035_control,control,public,middle,0,small,0.6289,0.0671,1
P035,P035_gay_signal,gay_signal,public,middle,0,small,0.6289,0.0671,1
P036,P036_control,control,tech,high,1,small,0.4008,0.0300,0
P036,P036_gay_signal,gay_signal,tech,high,1,small,0.4008,0.0300,0
P037,P037_control,control,sales,middle,0,medium,0.5342,0.0838,1
P037,P037_gay_signal,gay_signal,sales,middle,0,medium,0.5342,0.0838,0
P038,P038_control,control,clerical,middle,0,small,0.7253,0.0800,1
P038,P038_gay_signal,gay_signal,clerical,middle,0,small,0.7253,0.0800,0
P039,P039_control,control,finance,high,1,small,0.5466,0.0476,0
P039,P039_gay_signal,gay_signal,finance,high,1,small,0.5466,0.0476,0
P040,P040_control,control,management,middle,0,medium,0.7258,0.0828,0
P040,P040_gay_signal,gay_signal,management,middle,0,medium,0.7258,0.0828,1
P041,P041_control,control,public,high,0,medium,0.5317,0.1060,0
P041,P041_gay_signal,gay_signal,public,high,0,medium,0.5317,0.1060,0
P042,P042_control,control,tech,middle,0,large,0.6573,0.0639,1
P042,P042_gay_signal,gay_signal,tech,middle,0,large,0.6573,0.0639,0
P043,P043_control,control,sales,low,0,medium,0.7000,0.0563,1
P043,P043_gay_signal,gay_signal,sales,low,0,medium,0.7000,0.0563,1
P044,P044_control,control,clerical,high,0,medium,0.4130,0.0592,0
P044,P044_gay_signal,gay_signal,clerical,high,0,medium,0.4130,0.0592,0
P045,P045_control,control,finance,middle,0,large,0.8919,0.0770,1
P045,P045_gay_signal,gay_signal,finance,middle,0,large,0.8919,0.0770,0
P046,P046_control,control,management,middle,0,large,0.3917,0.0643,1
P046,P046_gay_signal,gay_signal,management,middle,0,large,0.3917,0.0643,0
P047,P047_control,control,public,low,1,large,0.6255,0.0712,1
P047,P047_gay_signal,gay_signal,public,low,1,large,0.6255,0.0712,0
P048,P048_control,control,tech,low,0,medium,0.4316,0.0517,0
P048,P048_gay_signal,gay_signal,tech,low,0,medium,0.4316,0.0517,0
P049,P049_control,control,sales,middle,0,small,0.5988,0.0739,0
P049,P049_gay_signal,gay_signal,sales,middle,0,small,0.5988,0.0739,1
P050,P050_control,control,clerical,middle,1,large,0.4643,0.0681,0
P050,P050_gay_signal,gay_signal,clerical,middle,1,large,0.4643,0.0681,0
P051,P051_control,control,finance,low,1,large,0.4976,0.0846,1
P051,P051_gay_signal,gay_signal,finance,low,1,large,0.4976,0.0846,0
P052,P052_control,control,management,high,1,large,0.5724,0.0633,0
P052,P052_gay_signal,gay_signal,management,high,1,large,0.5724,0.0633,0
P053,P053_control,control,public,low,0,small,0.7049,0.0615,0
P053,P053_gay_signal,gay_signal,public,low,0,small,0.7049,0.0615,0
P054,P054_control,control,tech,middle,0,small,0.7330,0.0704,0
P054,P054_gay_signal,gay_signal,tech,middle,0,small,0.7330,0.0704,1
P055,P055_control,control,sales,middle,0,medium,0.5866,0.0432,1
P055,P055_gay_signal,gay_signal,sales,middle,0,medium,0.5866,0.0432,0
P056,P056_control,control,clerical,low,0,large,0.5830,0.0588,0
P056,P056_gay_signal,gay_signal,clerical,low,0,large,0.5830,0.0588,0
P057,P057_control,control,finance,middle,0,medium,0.5558,0.0661,1
P057,P057_gay_signal,gay_signal,finance,middle,0,medium,0.5558,0.0661,0
P058,P058_control,control,management,middle,0,large,0.5423,0.0763,0
P058,P058_gay_signal,gay_signal,management,middle,0,large,0.5423,0.0763,0
P059,P059_control,control,public,middle,0,medium,0.7101,0.0717,1
P059,P059_gay_signal,gay_signal,public,middle,0,medium,0.7101,0.0717,0
P060,P060_control,control,tech,high,1,large,0.5839,0.0724,1
P060,P060_gay_signal,gay_signal,tech,high,1,large,0.5839,0.0724,0
P061,P061_control,control,sales,high,1,small,0.7395,0.0604,1
P061,P061_gay_signal,gay_signal,sales,high,1,small,0.7395,0.0604,1
P062,P062_control,control,clerical,middle,0,medium,0.7778,0.0594,1
P062,P062_gay_signal,gay_signal,clerical,middle,0,medium,0.7778,0.0594,1
P063,P063_control,control,finance,middle,0,small,0.5584,0.0797,0
P063,P063_gay_signal,gay_signal,finance,middle,0,small,0.5584,0.0797,0
P064,P064_control,control,management,middle,0,small,0.8733,0.0646,0
P064,P064_gay_signal,gay_signal,management,middle,0,small,0.8733,0.0646,1
P065,P065_control,control,public,high,0,small,0.4522,0.0836,0
P065,P065_gay_signal,gay_signal,public,high,0,small,0.4522,0.0836,1
P066,P066_control,control,tech,middle,0,small,0.6531,0.0687,0
P066,P066_gay_signal,gay_signal,tech,middle,0,small,0.6531,0.0687,1
P067,P067_control,control,sales,low,1,medium,0.7030,0.0615,0
P067,P067_gay_signal,gay_signal,sales,low,1,medium,0.7030,0.0615,1
P068,P068_control,control,clerical,high,1,small,0.5467,0.0309,1
P068,P068_gay_signal,gay_signal,clerical,high,1,small,0.5467,0.0309,0
P069,P069_control,control,finance,high,1,large,0.6434,0.0678,0
P069,P069_gay_signal,gay_signal,finance,high,1,large,0.6434,0.0678,1
P070,P070_control,control,management,low,0,large,0.7704,0.0682,1
P070,P070_gay_signal,gay_signal,management,low,0,large,0.7704,0.0682,0
P071,P071_control,control,public,high,0,small,0.6311,0.0857,0
P071,P071_gay_signal,gay_signal,public,high,0,small,0.6311,0.0857,0
P072,P072_control,control,tech,middle,1,large,0.6010,0.0685,1
P072,P072_gay_signal,gay_signal,tech,middle,1,large,0.6010,0.0685,1
P073,P073_control,control,sales,middle,0,medium,0.7019,0.0738,1
P073,P073_gay_signal,gay_signal,sales,middle,0,medium,0.7019,0.0738,0
P074,P074_control,control,clerical,high,1,medium,0.6741,0.0674,1
P074,P074_gay_signal,gay_signal,clerical,high,1,medium,0.6741,0.0674,1
P075,P075_control,control,finance,middle,1,large,0.7393,0.0824,0
P075,P075_gay_signal,gay_signal,finance,middle,1,large,0.7393,0.0824,1
P076,P076_control,control,management,middle,0,medium,0.8252,0.0738,0
P076,P076_gay_signal,gay_signal,management,middle,0,medium,0.8252,0.0738,1
P077,P077_control,control,public,low,1,small,0.4763,0.0570,0
P077,P077_gay_signal,gay_signal,public,low,1,small,0.4763,0.0570,0
P078,P078_control,control,tech,low,0,large,0.4967,0.0711,0
P078,P078_gay_signal,gay_signal,tech,low,0,large,0.4967,0.0711,1
P079,P079_control,control,sales,middle,0,small,0.6073,0.0535,1
P079,P079_gay_signal,gay_signal,sales,middle,0,small,0.6073,0.0535,1
P080,P080_control,control,clerical,middle,0,small,0.7592,0.0834,0
P080,P080_gay_signal,gay_signal,clerical,middle,0,small,0.7592,0.0834,0
P081,P081_control,control,finance,low,1,medium,0.6811,0.0455,0
P081,P081_gay_signal,gay_signal,finance,low,1,medium,0.6811,0.0455,0
P082,P082_control,control,management,low,0,large,0.6749,0.0618,0
P082,P082_gay_signal,gay_signal,management,low,0,large,0.6749,0.0618,0
P083,P083_control,control,public,low,1,small,0.5939,0.0514,1
P083,P083_gay_signal,gay_signal,public,low,1,small,0.5939,0.0514,0
P084,P084_control,control,tech,middle,0,small,0.5363,0.0866,1
P084,P084_gay_signal,gay_signal,tech,middle,0,small,0.5363,0.0866,0
P085,P085_control,control,sales,low,1,medium,0.7629,0.0596,0
P085,P085_gay_signal,gay_signal,sales,low,1,medium,0.7629,0.0596,0
P086,P086_control,control,clerical,low,0,small,0.7608,0.0703,0
P086,P086_gay_signal,gay_signal,clerical,low,0,small,0.7608,0.0703,1
P087,P087_control,control,finance,low,0,medium,0.6418,0.0578,0
P087,P087_gay_signal,gay_signal,finance,low,0,medium,0.6418,0.0578,1
P088,P088_control,control,management,low,0,medium,0.8090,0.0436,1
P088,P088_gay_signal,gay_signal,management,low,0,medium,0.8090,0.0436,0
P089,P089_control,control,public,high,1,large,0.5958,0.0630,1
P089,P089_gay_signal,gay_signal,public,high,1,large,0.5958,0.0630,0
P090,P090_control,control,tech,high,0,large,0.5345,0.0478,1
P090,P090_gay_signal,gay_signal,tech,high,0,large,0.5345,0.0478,0
P091,P091_control,control,sales,low,1,medium,0.5061,0.1013,0
P091,P091_gay_signal,gay_signal,sales,low,1,medium,0.5061,0.1013,0
P092,P092_control,control,clerical,middle,0,small,0.5153,0.0782,1
P092,P092_gay_signal,gay_signal,clerical,middle,0,small,0.5153,0.0782,1
P093,P093_control,control,finance,middle,0,small,0.8899,0.0518,1
P093,P093_gay_signal,gay_signal,finance,middle,0,small,0.8899,0.0518,0
P094,P094_control,control,management,middle,1,small,0.6368,0.0610,1
P094,P094_gay_signal,gay_signal,management,middle,1,small,0.6368,0.0610,1
P095,P095_control,control,public,middle,0,medium,0.5595,0.0495,0
P095,P095_gay_signal,gay_signal,public,middle,0,medium,0.5595,0.0495,1
P096,P096_control,control,tech,low,0,large,0.7547,0.0300,1
P096,P096_gay_signal,gay_signal,tech,low,0,large,0.7547,0.0300,0
P097,P097_control,control,sales,low,1,large,0.6477,0.0870,0
P097,P097_gay_signal,gay_signal,sales,low,1,large,0.6477,0.0870,0
P098,P098_control,control,clerical,low,0,large,0.7653,0.0332,0
P098,P098_gay_signal,gay_signal,clerical,low,0,large,0.7653,0.0332,0
P099,P099_control,control,finance,high,1,medium,0.8738,0.0558,0
P099,P099_gay_signal,gay_signal,finance,high,1,medium,0.8738,0.0558,0
P100,P100_control,control,management,low,1,medium,0.6936,0.0437,0
P100,P100_gay_signal,gay_signal,management,low,1,medium,0.6936,0.0437,1
P101,P101_control,control,public,high,1,large,0.6050,0.0690,0
P101,P101_gay_signal,gay_signal,public,high,1,large,0.6050,0.0690,1
P102,P102_control,control,tech,high,1,small,0.7078,0.0524,1
P102,P102_gay_signal,gay_signal,tech,high,1,small,0.7078,0.0524,1
P103,P103_control,control,sales,middle,0,large,0.4432,0.0655,0
P103,P103_gay_signal,gay_signal,sales,middle,0,large,0.4432,0.0655,0
P104,P104_control,control,clerical,high,0,small,0.6019,0.0599,1
P104,P104_gay_signal,gay_signal,clerical,high,0,small,0.6019,0.0599,1
P105,P105_control,control,finance,low,0,small,0.6505,0.0644,1
P105,P105_gay_signal,gay_signal,finance,low,0,small,0.6505,0.0644,0
P106,P106_control,control,management,low,1,small,0.7667,0.0644,1
P106,P106_gay_signal,gay_signal,management,low,1,small,0.7667,0.0644,0
P107,P107_control,control,public,high,1,large,0.7119,0.0673,0
P107,P107_gay_signal,gay_signal,public,high,1,large,0.7119,0.0673,1
P108,P108_control,control,tech,low,1,large,0.5023,0.0671,1
P108,P108_gay_signal,gay_signal,tech,low,1,large,0.5023,0.0671,0
P109,P109_control,control,sales,low,0,large,0.4145,0.0440,1
P109,P109_gay_signal,gay_signal,sales,low,0,large,0.4145,0.0440,1
P110,P110_control,control,clerical,low,1,small,0.7023,0.0589,0
P110,P110_gay_signal,gay_signal,clerical,low,1,small,0.7023,0.0589,1
P111,P111_control,control,finance,high,0,small,0.7966,0.0640,0
P111,P111_gay_signal,gay_signal,finance,high,0,small,0.7966,0.0640,1
P112,P112_control,control,management,middle,0,medium,0.6042,0.0524,1
P112,P112_gay_signal,gay_signal,management,middle,0,medium,0.6042,0.0524,0
P113,P113_control,control,public,low,1,small,0.6745,0.0588,1
P113,P113_gay_signal,gay_signal,public,low,1,small,0.6745,0.0588,0
P114,P114_control,control,tech,middle,1,small,0.5572,0.0806,0
P114,P114_gay_signal,gay_signal,tech,middle,1,small,0.5572,0.0806,0
P115,P115_control,control,sales,low,0,large,0.6168,0.0631,0
P115,P115_gay_signal,gay_signal,sales,low,0,large,0.6168,0.0631,0
P116,P116_control,control,clerical,high,1,large,0.4316,0.0832,1
P116,P116_gay_signal,gay_signal,clerical,high,1,large,0.4316,0.0832,0
P117,P117_control,control,finance,low,0,medium,0.5788,0.0821,0
P117,P117_gay_signal,gay_signal,finance,low,0,medium,0.5788,0.0821,0
P118,P118_control,control,management,high,0,small,0.5652,0.0942,1
P118,P118_gay_signal,gay_signal,management,high,0,small,0.5652,0.0942,0
P119,P119_control,control,public,high,1,small,0.5098,0.0588,1
P119,P119_gay_signal,gay_signal,public,high,1,small,0.5098,0.0588,1
P120,P120_control,control,tech,middle,1,large,0.5355,0.0738,0
P120,P120_gay_signal,gay_signal,tech,middle,1,large,0.5355,0.0738,0
P121,P121_control,control,sales,middle,1,medium,0.5013,0.0469,1
P121,P121_gay_signal,gay_signal,sales,middle,1,medium,0.5013,0.0469,0
P122,P122_control,control,clerical,high,0,small,0.6830,0.0520,0
P122,P122_gay_signal,gay_signal,clerical,high,0,small,0.6830,0.0520,0
P123,P123_control,control,finance,low,0,small,0.5076,0.0847,1
P123,P123_gay_signal,gay_signal,finance,low,0,small,0.5076,0.0847,1
P124,P124_control,control,management,high,0,medium,0.8761,0.0527,1
P124,P124_gay_signal,gay_signal,management,high,0,medium,0.8761,0.0527,1
P125,P125_control,control,public,low,0,medium,0.5152,0.0650,1
P125,P125_gay_signal,gay_signal,public,low,0,medium,0.5152,0.0650,0
P126,P126_control,control,tech,low,1,medium,0.9132,0.0658,0
P126,P126_gay_signal,gay_signal,tech,low,1,medium,0.9132,0.0658,1
P127,P127_control,control,sales,middle,0,small,0.5793,0.0586,1
P127,P127_gay_signal,gay_signal,sales,middle,0,small,0.5793,0.0586,0
P128,P128_control,control,clerical,low,0,medium,0.5906,0.0300,1
P128,P128_gay_signal,gay_signal,clerical,low,0,medium,0.5906,0.0300,0
P129,P129_control,control,finance,low,1,large,0.6139,0.0564,0
P129,P129_gay_signal,gay_signal,finance,low,1,large,0.6139,0.0564,0
P130,P130_control,control,management,middle,0,medium,0.5415,0.0701,0
P130,P130_gay_signal,gay_signal,management,middle,0,medium,0.5415,0.0701,1
P131,P131_control,control,public,low,1,large,0.6726,0.0625,0
P131,P131_gay_signal,gay_signal,public,low,1,large,0.6726,0.0625,0
P132,P132_control,control,tech,high,1,large,0.5956,0.0725,1
P132,P132_gay_signal,gay_signal,tech,high,1,large,0.5956,0.0725,0
P133,P133_control,control,sales,low,0,large,0.5840,0.0569,1
P133,P133_gay_signal,gay_signal,sales,low,0,large,0.5840,0.0569,1
P134,P134_control,control,clerical,low,0,large,0.7923,0.0610,0
P134,P134_gay_signal,gay_signal,clerical,low,0,large,0.7923,0.0610,1
P135,P135_control,control,finance,middle,1,medium,0.6821,0.0436,1
P135,P135_gay_signal,gay_signal,finance,middle,1,medium,0.6821,0.0436,0
P136,P136_control,control,management,low,0,medium,0.7668,0.0659,0
P136,P136_gay_signal,gay_signal,management,low,0,medium,0.7668,0.0659,0
P137,P137_control,control,public,middle,0,medium,0.6994,0.0613,0
P137,P137_gay_signal,gay_signal,public,middle,0,medium,0.6994,0.0613,1
P138,P138_control,control,tech,high,0,small,0.7675,0.0577,0
P138,P138_gay_signal,gay_signal,tech,high,0,small,0.7675,0.0577,0
P139,P139_control,control,sales,high,1,small,0.6146,0.0681,1
P139,P139_gay_signal,gay_signal,sales,high,1,small,0.6146,0.0681,0
P140,P140_control,control,clerical,low,1,small,0.6053,0.1200,0
P140,P140_gay_signal,gay_signal,clerical,low,1,small,0.6053,0.1200,0
P141,P141_control,control,finance,high,0,medium,0.5557,0.0501,0
P141,P141_gay_signal,gay_signal,finance,high,0,medium,0.5557,0.0501,0
P142,P142_control,control,management,low,1,medium,0.4319,0.0494,0
P142,P142_gay_signal,gay_signal,management,low,1,medium,0.4319,0.0494,0
P143,P143_control,control,public,high,1,small,0.5058,0.0692,0
P143,P143_gay_signal,gay_signal,public,high,1,small,0.5058,0.0692,1
P144,P144_control,control,tech,middle,1,large,0.7137,0.0425,0
P144,P144_gay_signal,gay_signal,tech,middle,1,large,0.7137,0.0425,1
P145,P145_control,control,sales,high,1,small,0.4986,0.0454,0
P145,P145_gay_signal,gay_signal,sales,high,1,small,0.4986,0.0454,0
P146,P146_control,control,clerical,middle,0,medium,0.7029,0.0708,1
P146,P146_gay_signal,gay_signal,clerical,middle,0,medium,0.7029,0.0708,1
P147,P147_control,control,finance,low,0,large,0.5309,0.0576,1
P147,P147_gay_signal,gay_signal,finance,low,0,large,0.5309,0.0576,0
P148,P148_control,control,management,low,1,small,0.6519,0.0730,1
P148,P148_gay_signal,gay_signal,management,low,1,small,0.6519,0.0730,0
P149,P149_control,control,public,middle,0,medium,0.4196,0.0648,1
P149,P149_gay_signal,gay_signal,public,middle,0,medium,0.4196,0.0648,0
P150,P150_control,control,tech,low,0,small,0.6617,0.0502,1
P150,P150_gay_signal,gay_signal,tech,low,0,small,0.6617,0.0502,0
P151,P151_control,control,sales,middle,1,large,0.7821,0.0706,0
P151,P151_gay_signal,gay_signal,sales,middle,1,large,0.7821,0.0706,0
P152,P152_control,control,clerical,low,0,small,0.6682,0.0682,1
P152,P152_gay_signal,gay_signal,clerical,low,0,small,0.6682,0.0682,0
P153,P153_control,control,finance,middle,1,small,0.4425,0.0714,1
P153,P153_gay_signal,gay_signal,finance,middle,1,small,0.4425,0.0714,0
P154,P154_control,control,management,low,1,medium,0.6413,0.0359,0
P154,P154_gay_signal,gay_signal,management,low,1,medium,0.6413,0.0359,1
P155,P155_control,control,public,middle,1,medium,0.7182,0.0512,1
P155,P155_gay_signal,gay_signal,public,middle,1,medium,0.7182,0.0512,0
P156,P156_control,control,tech,low,0,small,0.6978,0.0916,1
P156,P156_gay_signal,gay_signal,tech,low,0,small,0.6978,0.0916,1
P157,P157_control,control,sales,middle,1,large,0.6982,0.0488,1
P157,P157_gay_signal,gay_signal,sales,middle,1,large,0.6982,0.0488,1
P158,P158_control,control,clerical,low,0,small,0.6967,0.0668,0
P158,P158_gay_signal,gay_signal,clerical,low,0,small,0.6967,0.0668,0
P159,P159_control,control,finance,low,1,medium,0.7341,0.0487,1
P159,P159_gay_signal,gay_signal,finance,low,1,medium,0.7341,0.0487,0
P160,P160_control,control,management,low,0,medium,0.6342,0.0579,1
P160,P160_gay_signal,gay_signal,management,low,0,medium,0.6342,0.0579,0
P161,P161_control,control,public,high,0,small,0.8185,0.0632,0
P161,P161_gay_signal,gay_signal,public,high,0,small,0.8185,0.0632,0
P162,P162_control,control,tech,middle,0,large,0.7595,0.0515,0
P162,P162_gay_signal,gay_signal,tech,middle,0,large,0.7595,0.0515,1
P163,P163_control,control,sales,middle,1,small,0.7614,0.0683,0
P163,P163_gay_signal,gay_signal,sales,middle,1,small,0.7614,0.0683,0
P164,P164_control,control,clerical,middle,0,large,0.6061,0.0514,1
P164,P164_gay_signal,gay_signal,clerical,middle,0,large,0.6061,0.0514,0
P165,P165_control,control,finance,high,1,small,0.7018,0.0921,1
P165,P165_gay_signal,gay_signal,finance,high,1,small,0.7018,0.0921,1
P166,P166_control,control,management,middle,0,large,0.4113,0.0959,0
P166,P166_gay_signal,gay_signal,management,middle,0,large,0.4113,0.0959,1
P167,P167_control,control,public,high,1,medium,0.6118,0.0451,1
P167,P167_gay_signal,gay_signal,public,high,1,medium,0.6118,0.0451,1
P168,P168_control,control,tech,low,0,medium,0.5110,0.0791,0
P168,P168_gay_signal,gay_signal,tech,low,0,medium,0.5110,0.0791,0
P169,P169_control,control,sales,middle,1,small,0.5227,0.0515,1
P169,P169_gay_signal,gay_signal,sales,middle,1,small,0.5227,0.0515,0
P170,P170_control,control,clerical,low,0,large,0.8301,0.0718,1
P170,P170_gay_signal,gay_signal,clerical,low,0,large,0.8301,0.0718,1
P171,P171_control,control,finance,low,1,small,0.6957,0.0589,1
P171,P171_gay_signal,gay_signal,finance,low,1,small,0.6957,0.0589,0
P172,P172_control,control,management,low,0,large,0.4246,0.0496,0
P172,P172_gay_signal,gay_signal,management,low,0,large,0.4246,0.0496,0
P173,P173_control,control,public,middle,1,large,0.7673,0.0533,0
P173,P173_gay_signal,gay_signal,public,middle,1,large,0.7673,0.0533,1
P174,P174_control,control,tech,middle,0,medium,0.6919,0.0644,1
P174,P174_gay_signal,gay_signal,tech,middle,0,medium,0.6919,0.0644,1
P175,P175_control,control,sales,high,1,medium,0.6286,0.0682,0
P175,P175_gay_signal,gay_signal,sales,high,1,medium,0.6286,0.0682,1
P176,P176_control,control,clerical,middle,1,large,0.5498,0.0991,1
P176,P176_gay_signal,gay_signal,clerical,middle,1,large,0.5498,0.0991,0
P177,P177_control,control,finance,low,0,medium,0.5324,0.0439,0
P177,P177_gay_signal,gay_signal,finance,low,0,medium,0.5324,0.0439,1
P178,P178_control,control,management,middle,0,small,0.5086,0.0740,1
P178,P178_gay_signal,gay_signal,management,middle,0,small,0.5086,0.0740,1
P179,P179_control,control,public,middle,0,small,0.5915,0.0659,0
P179,P179_gay_signal,gay_signal,public,middle,0,small,0.5915,0.0659,0
P180,P180_control,control,tech,middle,1,small,0.8795,0.0695,0
P180,P180_gay_signal,gay_signal,tech,middle,1,small,0.8795,0.0695,0
P181,P181_control,control,sales,low,0,medium,0.7100,0.0601,0
P181,P181_gay_signal,gay_signal,sales,low,0,medium,0.7100,0.0601,1
P182,P182_control,control,clerical,middle,0,small,0.4244,0.0639,0
P182,P182_gay_signal,gay_signal,clerical,middle,0,small,0.4244,0.0639,0
P183,P183_control,control,finance,high,1,large,0.5876,0.0622,0
P183,P183_gay_signal,gay_signal,finance,high,1,large,0.5876,0.0622,0
P184,P184_control,control,management,low,0,medium,0.7056,0.0735,1
P184,P184_gay_signal,gay_signal,management,low,0,medium,0.7056,0.0735,0
P185,P185_control,control,public,high,1,small,0.6823,0.0612,1
P185,P185_gay_signal,gay_signal,public,high,1,small,0.6823,0.0612,0
P186,P186_control,control,tech,middle,1,large,0.4830,0.0614,0
P186,P186_gay_signal,gay_signal,tech,middle,1,large,0.4830,0.0614,0
P187,P187_control,control,sales,low,0,large,0.7141,0.0774,1
P187,P187_gay_signal,gay_signal,sales,low,0,large,0.7141,0.0774,0
P188,P188_control,control,clerical,low,0,large,0.5069,0.0487,0
P188,P188_gay_signal,gay_signal,clerical,low,0,large,0.5069,0.0487,1
P189,P189_control,control,finance,middle,1,large,0.4808,0.0743,1
P189,P189_gay_signal,gay_signal,finance,middle,1,large,0.4808,0.0743,0
P190,P190_control,control,management,high,1,medium,0.3901,0.0467,1
P190,P190_gay_signal,gay_signal,management,high,1,medium,0.3901,0.0467,0
P191,P191_control,control,public,high,0,small,0.5700,0.0503,1
P191,P191_gay_signal,gay_signal,public,high,0,small,0.5700,0.0503,1
P192,P192_control,control,tech,high,0,large,0.6817,0.0685,1
P192,P192_gay_signal,gay_signal,tech,high,0,large,0.6817,0.0685,0
P193,P193_control,control,sales,low,1,medium,0.7838,0.0499,0
P193,P193_gay_signal,gay_signal,sales,low,1,medium,0.7838,0.0499,0
P194,P194_control,control,clerical,low,0,large,0.6265,0.0591,1
P194,P194_gay_signal,gay_signal,clerical,low,0,large,0.6265,0.0591,1
P195,P195_control,control,finance,middle,0,small,0.6880,0.0785,1
P195,P195_gay_signal,gay_signal,finance,middle,0,small,0.6880,0.0785,0
P196,P196_control,control,management,high,1,small,0.3133,0.0704,1
P196,P196_gay_signal,gay_signal,management,high,1,small,0.3133,0.0704,0
P197,P197_control,control,public,high,1,small,0.7370,0.0623,0
P197,P197_gay_signal,gay_signal,public,high,1,small,0.7370,0.0623,0
P198,P198_control,control,tech,low,1,large,0.5068,0.0681,0
P198,P198_gay_signal,gay_signal,tech,low,1,large,0.5068,0.0681,0
P199,P199_control,control,sales,low,0,medium,0.7763,0.0475,0
P199,P199_gay_signal,gay_signal,sales,low,0,medium,0.7763,0.0475,0
P200,P200_control,control,clerical,middle,1,small,0.6891,0.0619,0
P200,P200_gay_signal,gay_signal,clerical,middle,1,small,0.6891,0.0619,1
P201,P201_control,control,finance,low,0,medium,0.5383,0.0941,0
P201,P201_gay_signal,gay_signal,finance,low,0,medium,0.5383,0.0941,0
P202,P202_control,control,management,middle,1,medium,0.7519,0.0723,0
P202,P202_gay_signal,gay_signal,management,middle,1,medium,0.7519,0.0723,0
P203,P203_control,control,public,high,1,small,0.7380,0.0811,1
P203,P203_gay_signal,gay_signal,public,high,1,small,0.7380,0.0811,1
P204,P204_control,control,tech,middle,1,large,0.3235,0.0612,0
P204,P204_gay_signal,gay_signal,tech,middle,1,large,0.3235,0.0612,1
P205,P205_control,control,sales,middle,0,large,0.6898,0.0655,0
P205,P205_gay_signal,gay_signal,sales,middle,0,large,0.6898,0.0655,1
P206,P206_control,control,clerical,high,1,small,0.5811,0.0499,0
P206,P206_gay_signal,gay_signal,clerical,high,1,small,0.5811,0.0499,0
P207,P207_control,control,finance,middle,1,medium,0.6671,0.0717,1
P207,P207_gay_signal,gay_signal,finance,middle,1,medium,0.6671,0.0717,0
P208,P208_control,control,management,low,0,medium,0.7743,0.0788,0
P208,P208_gay_signal,gay_signal,management,low,0,medium,0.7743,0.0788,0
P209,P209_control,control,public,low,0,large,0.7522,0.0611,0
P209,P209_gay_signal,gay_signal,public,low,0,large,0.7522,0.0611,0
P210,P210_control,control,tech,low,1,small,0.6073,0.0541,0
P210,P210_gay_signal,gay_signal,tech,low,1,small,0.6073,0.0541,0
P211,P211_control,control,sales,low,0,medium,0.5960,0.0502,0
P211,P211_gay_signal,gay_signal,sales,low,0,medium,0.5960,0.0502,0
P212,P212_control,control,clerical,low,0,large,0.5335,0.0718,1
P212,P212_gay_signal,gay_signal,clerical,low,0,large,0.5335,0.0718,0
P213,P213_control,control,finance,middle,0,large,0.8080,0.0592,0
P213,P213_gay_signal,gay_signal,finance,middle,0,large,0.8080,0.0592,1
P214,P214_control,control,management,middle,1,small,0.8800,0.0545,1
P214,P214_gay_signal,gay_signal,management,middle,1,small,0.8800,0.0545,0
P215,P215_control,control,public,middle,0,large,0.5271,0.0585,1
P215,P215_gay_signal,gay_signal,public,middle,0,large,0.5271,0.0585,1
P216,P216_control,control,tech,low,0,large,0.6549,0.0581,1
P216,P216_gay_signal,gay_signal,tech,low,0,large,0.6549,0.0581,0
P217,P217_control,control,sales,low,0,small,0.7920,0.0561,1
P217,P217_gay_signal,gay_signal,sales,low,0,small,0.7920,0.0561,1
P218,P218_control,control,clerical,high,1,large,0.6307,0.0791,1
P218,P218_gay_signal,gay_signal,clerical,high,1,large,0.6307,0.0791,1
P219,P219_control,control,finance,low,0,medium,0.6320,0.0300,0
P219,P219_gay_signal,gay_signal,finance,low,0,medium,0.6320,0.0300,0
P220,P220_control,control,management,middle,0,medium,0.6035,0.0571,1
P220,P220_gay_signal,gay_signal,management,middle,0,medium,0.6035,0.0571,1
P221,P221_control,control,public,low,1,large,0.4962,0.0601,1
P221,P221_gay_signal,gay_signal,public,low,1,large,0.4962,0.0601,0
P222,P222_control,control,tech,high,1,small,0.6926,0.0978,0
P222,P222_gay_signal,gay_signal,tech,high,1,small,0.6926,0.0978,0
P223,P223_control,control,sales,high,0,large,0.8220,0.0723,1
P223,P223_gay_signal,gay_signal,sales,high,0,large,0.8220,0.0723,0
P224,P224_control,control,clerical,high,0,medium,0.6318,0.0516,1
P224,P224_gay_signal,gay_signal,clerical,high,0,medium,0.6318,0.0516,0
P225,P225_control,control,finance,low,1,medium,0.3310,0.0415,0
P225,P225_gay_signal,gay_signal,finance,low,1,medium,0.3310,0.0415,0
P226,P226_control,control,management,middle,1,small,0.7240,0.0632,0
P226,P226_gay_signal,gay_signal,management,middle,1,small,0.7240,0.0632,1
P227,P227_control,control,public,middle,1,medium,0.5936,0.0810,1
P227,P227_gay_signal,gay_signal,public,middle,1,medium,0.5936,0.0810,0
P228,P228_control,control,tech,middle,1,small,0.5620,0.0636,0
P228,P228_gay_signal,gay_signal,tech,middle,1,small,0.5620,0.0636,0
P229,P229_control,control,sales,middle,1,small,0.5214,0.0884,1
P229,P229_gay_signal,gay_signal,sales,middle,1,small,0.5214,0.0884,0
P230,P230_control,control,clerical,high,1,medium,0.5060,0.0710,1
P230,P230_gay_signal,gay_signal,clerical,high,1,medium,0.5060,0.0710,0
P231,P231_control,control,finance,high,1,small,0.5868,0.0555,1
P231,P231_gay_signal,gay_signal,finance,high,1,small,0.5868,0.0555,1
P232,P232_control,control,management,middle,0,medium,0.6924,0.0706,0
P232,P232_gay_signal,gay_signal,management,middle,0,medium,0.6924,0.0706,1
P233,P233_control,control,public,middle,1,small,0.5431,0.0616,1
P233,P233_gay_signal,gay_signal,public,middle,1,small,0.5431,0.0616,1
P234,P234_control,control,tech,middle,0,small,0.5843,0.0399,0
P234,P234_gay_signal,gay_signal,tech,middle,0,small,0.5843,0.0399,0
P235,P235_control,control,sales,high,1,medium,0.6694,0.0365,1
P235,P235_gay_signal,gay_signal,sales,high,1,medium,0.6694,0.0365,0
P236,P236_control,control,clerical,high,1,medium,0.3922,0.0706,1
P236,P236_gay_signal,gay_signal,clerical,high,1,medium,0.3922,0.0706,0
P237,P237_control,control,finance,middle,0,large,0.6606,0.0667,0
P237,P237_gay_signal,gay_signal,finance,middle,0,large,0.6606,0.0667,0
P238,P238_control,control,management,high,1,small,0.9126,0.0462,0
P238,P238_gay_signal,gay_signal,management,high,1,small,0.9126,0.0462,1
P239,P239_control,control,public,low,0,large,0.5488,0.0779,1
P239,P239_gay_signal,gay_signal,public,low,0,large,0.5488,0.0779,0
P240,P240_control,control,tech,high,1,large,0.5205,0.0484,1
P240,P240_gay_signal,gay_signal,tech,high,1,large,0.5205,0.0484,0
P241,P241_control,control,sales,high,1,medium,0.7143,0.0886,1
P241,P241_gay_signal,gay_signal,sales,high,1,medium,0.7143,0.0886,1
P242,P242_control,control,clerical,low,1,medium,0.7170,0.0562,0
P242,P242_gay_signal,gay_signal,clerical,low,1,medium,0.7170,0.0562,1
P243,P243_control,control,finance,middle,0,large,0.8431,0.0622,0
P243,P243_gay_signal,gay_signal,finance,middle,0,large,0.8431,0.0622,0
P244,P244_control,control,management,middle,1,large,0.6686,0.0742,1
P244,P244_gay_signal,gay_signal,management,middle,1,large,0.6686,0.0742,0
P245,P245_control,control,public,middle,0,large,0.5507,0.0835,0
P245,P245_gay_signal,gay_signal,public,middle,0,large,0.5507,0.0835,1
P246,P246_control,control,tech,low,1,medium,0.4442,0.0939,1
P246,P246_gay_signal,gay_signal,tech,low,1,medium,0.4442,0.0939,1
P247,P247_control,control,sales,high,1,large,0.4503,0.0951,1
P247,P247_gay_signal,gay_signal,sales,high,1,large,0.4503,0.0951,1
P248,P248_control,control,clerical,low,0,small,0.5529,0.0387,1
P248,P248_gay_signal,gay_signal,clerical,low,0,small,0.5529,0.0387,1
P249,P249_control,control,finance,middle,0,medium,0.6337,0.0677,0
P249,P249_gay_signal,gay_signal,finance,middle,0,medium,0.6337,0.0677,0
P250,P250_control,control,management,middle,1,medium,0.5615,0.0485,0
P250,P250_gay_signal,gay_signal,management,middle,1,medium,0.5615,0.0485,0
P251,P251_control,control,public,low,0,small,0.7553,0.0684,1
P251,P251_gay_signal,gay_signal,public,low,0,small,0.7553,0.0684,0
P252,P252_control,control,tech,middle,0,small,0.7379,0.0717,1
P252,P252_gay_signal,gay_signal,tech,middle,0,small,0.7379,0.0717,0
P253,P253_control,control,sales,high,1,large,0.6249,0.0733,0
P253,P253_gay_signal,gay_signal,sales,high,1,large,0.6249,0.0733,1
P254,P254_control,control,clerical,high,0,medium,0.3193,0.0744,0
P254,P254_gay_signal,gay_signal,clerical,high,0,medium,0.3193,0.0744,1
P255,P255_control,control,finance,middle,0,small,0.6065,0.0677,1
P255,P255_gay_signal,gay_signal,finance,middle,0,small,0.6065,0.0677,0
P256,P256_control,control,management,low,1,small,0.6975,0.0518,1
P256,P256_gay_signal,gay_signal,management,low,1,small,0.6975,0.0518,1
P257,P257_control,control,public,high,0,medium,0.4405,0.0462,0
P257,P257_gay_signal,gay_signal,public,high,0,medium,0.4405,0.0462,0
P258,P258_control,control,tech,low,1,large,0.6538,0.0834,0
P258,P258_gay_signal,gay_signal,tech,low,1,large,0.6538,0.0834,0
P259,P259_control,control,sales,middle,0,large,0.3800,0.0572,0
P259,P259_gay_signal,gay_signal,sales,middle,0,large,0.3800,0.0572,1
P260,P260_control,control,clerical,high,1,medium,0.7116,0.0923,0
P260,P260_gay_signal,gay_signal,clerical,high,1,medium,0.7116,0.0923,0
P261,P261_control,control,finance,middle,0,medium,0.7052,0.0569,0
P261,P261_gay_signal,gay_signal,finance,middle,0,medium,0.7052,0.0569,0
P262,P262_control,control,management,middle,1,medium,0.4132,0.0420,0
P262,P262_gay_signal,gay_signal,management,middle,1,medium,0.4132,0.0420,0
P263,P263_control,control,public,middle,0,large,0.4901,0.0587,1
P263,P263_gay_signal,gay_signal,public,middle,0,large,0.4901,0.0587,0
P264,P264_control,control,tech,high,1,small,0.4819,0.0332,0
P264,P264_gay_signal,gay_signal,tech,high,1,small,0.4819,0.0332,0
P265,P265_control,control,sales,low,1,small,0.5036,0.0603,1
P265,P265_gay_signal,gay_signal,sales,low,1,small,0.5036,0.0603,0
P266,P266_control,control,clerical,low,0,large,0.6124,0.0403,0
P266,P266_gay_signal,gay_signal,clerical,low,0,large,0.6124,0.0403,0
P267,P267_control,control,finance,low,0,small,0.5873,0.0603,1
P267,P267_gay_signal,gay_signal,finance,low,0,small,0.5873,0.0603,0
P268,P268_control,control,management,high,1,large,0.5714,0.0832,1
P268,P268_gay_signal,gay_signal,management,high,1,large,0.5714,0.0832,1
P269,P269_control,control,public,high,1,medium,0.7898,0.0700,1
P269,P269_gay_signal,gay_signal,public,high,1,medium,0.7898,0.0700,0
P270,P270_control,control,tech,low,1,small,0.6835,0.0795,0
P270,P270_gay_signal,gay_signal,tech,low,1,small,0.6835,0.0795,0
P271,P271_control,control,sales,low,1,large,0.6070,0.0560,0
P271,P271_gay_signal,gay_signal,sales,low,1,large,0.6070,0.0560,0
P272,P272_control,control,clerical,middle,1,large,0.5474,0.0598,1
P272,P272_gay_signal,gay_signal,clerical,middle,1,large,0.5474,0.0598,0
P273,P273_control,control,finance,middle,0,medium,0.8041,0.0816,1
P273,P273_gay_signal,gay_signal,finance,middle,0,medium,0.8041,0.0816,0
P274,P274_control,control,management,high,1,medium,0.5729,0.0558,1
P274,P274_gay_signal,gay_signal,management,high,1,medium,0.5729,0.0558,0
P275,P275_control,control,public,middle,1,large,0.5526,0.0678,0
P275,P275_gay_signal,gay_signal,public,middle,1,large,0.5526,0.0678,1
P276,P276_control,control,tech,low,1,small,0.7316,0.0357,0
P276,P276_gay_signal,gay_signal,tech,low,1,small,0.7316,0.0357,1
P277,P277_control,control,sales,low,1,large,0.7819,0.0795,1
P277,P277_gay_signal,gay_signal,sales,low,1,large,0.7819,0.0795,0
P278,P278_control,control,clerical,low,1,small,0.5973,0.0787,0
P278,P278_gay_signal,gay_signal,clerical,low,1,small,0.5973,0.0787,0
P279,P279_control,control,finance,middle,1,medium,0.5728,0.0794,0
P279,P279_gay_signal,gay_signal,finance,middle,1,medium,0.5728,0.0794,0
P280,P280_control,control,management,middle,0,small,0.6106,0.0745,1
P280,P280_gay_signal,gay_signal,management,middle,0,small,0.6106,0.0745,1
P281,P281_control,control,public,low,0,medium,0.6635,0.0718,0
P281,P281_gay_signal,gay_signal,public,low,0,medium,0.6635,0.0718,0
P282,P282_control,control,tech,high,1,large,0.5823,0.0693,0
P282,P282_gay_signal,gay_signal,tech,high,1,large,0.5823,0.0693,1
P283,P283_control,control,sales,low,0,medium,0.8802,0.0814,1
P283,P283_gay_signal,gay_signal,sales,low,0,medium,0.8802,0.0814,0
P284,P284_control,control,clerical,low,0,medium,0.8236,0.0785,0
P284,P284_gay_signal,gay_signal,clerical,low,0,medium,0.8236,0.0785,0
P285,P285_control,control,finance,low,0,large,0.4390,0.0455,0
P285,P285_gay_signal,gay_signal,finance,low,0,large,0.4390,0.0455,0
P286,P286_control,control,management,low,1,small,0.3876,0.0616,1
P286,P286_gay_signal,gay_signal,management,low,1,small,0.3876,0.0616,1
P287,P287_control,control,public,high,1,medium,0.6739,0.0573,0
P287,P287_gay_signal,gay_signal,public,high,1,medium,0.6739,0.0573,0
P288,P288_control,control,tech,low,0,medium,0.7211,0.0819,0
P288,P288_gay_signal,gay_signal,tech,low,0,medium,0.7211,0.0819,0
P289,P289_control,control,sales,high,1,large,0.6245,0.0883,0
P289,P289_gay_signal,gay_signal,sales,high,1,large,0.6245,0.0883,0
P290,P290_control,control,clerical,low,0,medium,0.9029,0.0546,1
P290,P290_gay_signal,gay_signal,clerical,low,0,medium,0.9029,0.0546,0
P291,P291_control,control,finance,low,1,small,0.5810,0.0740,0
P291,P291_gay_signal,gay_signal,finance,low,1,small,0.5810,0.0740,0
P292,P292_control,control,management,middle,0,small,0.4731,0.0697,1
P292,P292_gay_signal,gay_signal,management,middle,0,small,0.4731,0.0697,0
P293,P293_control,control,public,high,1,large,0.3955,0.0382,0
P293,P293_gay_signal,gay_signal,public,high,1,large,0.3955,0.0382,0
P294,P294_control,control,tech,middle,0,large,0.5589,0.0421,1
P294,P294_gay_signal,gay_signal,tech,middle,0,large,0.5589,0.0421,0
P295,P295_control,control,sales,low,0,small,0.6001,0.0622,0
P295,P295_gay_signal,gay_signal,sales,low,0,small,0.6001,0.0622,1
P296,P296_control,control,clerical,middle,0,large,0.6002,0.0951,1
P296,P296_gay_signal,gay_signal,clerical,middle,0,large,0.6002,0.0951,1
P297,P297_control,control,finance,high,1,large,0.6954,0.0890,1
P297,P297_gay_signal,gay_signal,finance,high,1,large,0.6954,0.0890,0
P298,P298_control,control,management,high,1,small,0.5610,0.0475,0
P298,P298_gay_signal,gay_signal,management,high,1,small,0.5610,0.0475,1
P299,P299_control,control,public,low,1,small,0.6806,0.0515,1
P299,P299_gay_signal,gay_signal,public,low,1,small,0.6806,0.0515,1
P300,P300_control,control,tech,high,1,medium,0.6147,0.0673,0
P300,P300_gay_signal,gay_signal,tech,high,1,medium,0.6147,0.0673,0
P301,P301_control,control,sales,middle,0,small,0.5324,0.0978,0
P301,P301_gay_signal,gay_signal,sales,middle,0,small,0.5324,0.0978,0
P302,P302_control,control,clerical,low,0,medium,0.4553,0.0697,0
P302,P302_gay_signal,gay_signal,clerical,low,0,medium,0.4553,0.0697,1
P303,P303_control,control,finance,middle,0,small,0.5746,0.0545,0
P303,P303_gay_signal,gay_signal,finance,middle,0,small,0.5746,0.0545,0
P304,P304_control,control,management,middle,0,small,0.6844,0.0559,0
P304,P304_gay_signal,gay_signal,management,middle,0,small,0.6844,0.0559,1
P305,P305_control,control,public,high,1,small,0.8048,0.0948,1
P305,P305_gay_signal,gay_signal,public,high,1,small,0.8048,0.0948,0
P306,P306_control,control,tech,low,0,large,0.4637,0.0873,0
P306,P306_gay_signal,gay_signal,tech,low,0,large,0.4637,0.0873,0
P307,P307_control,control,sales,middle,0,medium,0.5797,0.0510,1
P307,P307_gay_signal,gay_signal,sales,middle,0,medium,0.5797,0.0510,1
P308,P308_control,control,clerical,middle,1,large,0.5381,0.0552,1
P308,P308_gay_signal,gay_signal,clerical,middle,1,large,0.5381,0.0552,1
P309,P309_control,control,finance,high,1,small,0.4260,0.0942,1
P309,P309_gay_signal,gay_signal,finance,high,1,small,0.4260,0.0942,0
P310,P310_control,control,management,low,0,large,0.8025,0.0605,1
P310,P310_gay_signal,gay_signal,management,low,0,large,0.8025,0.0605,0
P311,P311_control,control,public,low,1,small,0.7875,0.0552,1
P311,P311_gay_signal,gay_signal,public,low,1,small,0.7875,0.0552,1
P312,P312_control,control,tech,middle,1,small,0.3421,0.0688,0
P312,P312_gay_signal,gay_signal,tech,middle,1,small,0.3421,0.0688,0
P313,P313_control,control,sales,high,1,small,0.5617,0.0851,1
P313,P313_gay_signal,gay_signal,sales,high,1,small,0.5617,0.0851,0
P314,P314_control,control,clerical,low,0,small,0.7335,0.0589,0
P314,P314_gay_signal,gay_signal,clerical,low,0,small,0.7335,0.0589,0
P315,P315_control,control,finance,low,0,medium,0.7598,0.0700,0
P315,P315_gay_signal,gay_signal,finance,low,0,medium,0.7598,0.0700,1
P316,P316_control,control,management,low,0,small,0.7222,0.0506,0
P316,P316_gay_signal,gay_signal,management,low,0,small,0.7222,0.0506,0
P317,P317_control,control,public,high,0,small,0.4173,0.0536,0
P317,P317_gay_signal,gay_signal,public,high,0,small,0.4173,0.0536,0
P318,P318_control,control,tech,middle,0,medium,0.5693,0.0829,1
P318,P318_gay_signal,gay_signal,tech,middle,0,medium,0.5693,0.0829,0
P319,P319_control,control,sales,low,0,small,0.5443,0.0499,1
P319,P319_gay_signal,gay_signal,sales,low,0,small,0.5443,0.0499,0
P320,P320_control,control,clerical,middle,0,medium,0.6719,0.0751,1
P320,P320_gay_signal,gay_signal,clerical,middle,0,medium,0.6719,0.0751,0
P321,P321_control,control,finance,middle,0,medium,0.6565,0.0582,0
P321,P321_gay_signal,gay_signal,finance,middle,0,medium,0.6565,0.0582,0
P322,P322_control,control,management,low,0,medium,0.6707,0.0729,0
P322,P322_gay_signal,gay_signal,management,low,0,medium,0.6707,0.0729,1
P323,P323_control,control,public,high,1,small,0.5706,0.0686,0
P323,P323_gay_signal,gay_signal,public,high,1,small,0.5706,0.0686,1
P324,P324_control,control,tech,high,1,small,0.9084,0.0549,1
P324,P324_gay_signal,gay_signal,tech,high,1,small,0.9084,0.0549,0
P325,P325_control,control,sales,low,0,large,0.4442,0.0654,0
P325,P325_gay_signal,gay_signal,sales,low,0,large,0.4442,0.0654,0
P326,P326_control,control,clerical,high,0,medium,0.6283,0.0582,1
P326,P326_gay_signal,gay_signal,clerical,high,0,medium,0.6283,0.0582,1
P327,P327_control,control,finance,low,0,medium,0.5041,0.0483,0
P327,P327_gay_signal,gay_signal,finance,low,0,medium,0.5041,0.0483,1
P328,P328_control,control,management,middle,1,large,0.5721,0.0696,1
P328,P328_gay_signal,gay_signal,management,middle,1,large,0.5721,0.0696,0
P329,P329_control,control,public,middle,0,small,0.5235,0.0606,1
P329,P329_gay_signal,gay_signal,public,middle,0,small,0.5235,0.0606,0
P330,P330_control,control,tech,middle,1,large,0.4262,0.0716,1
P330,P330_gay_signal,gay_signal,tech,middle,1,large,0.4262,0.0716,0
P331,P331_control,control,sales,middle,1,small,0.6600,0.0657,1
P331,P331_gay_signal,gay_signal,sales,middle,1,small,0.6600,0.0657,0
P332,P332_control,control,clerical,high,1,small,0.6042,0.0537,0
P332,P332_gay_signal,gay_signal,clerical,high,1,small,0.6042,0.0537,1
P333,P333_control,control,finance,high,1,small,0.5840,0.0481,1
P333,P333_gay_signal,gay_signal,finance,high,1,small,0.5840,0.0481,0
P334,P334_control,control,management,middle,1,medium,0.8100,0.0723,1
P334,P334_gay_signal,gay_signal,management,middle,1,medium,0.8100,0.0723,0
P335,P335_control,control,public,high,0,medium,0.7567,0.0763,0
P335,P335_gay_signal,gay_signal,public,high,0,medium,0.7567,0.0763,0
P336,P336_control,control,tech,low,1,small,0.6363,0.0639,0
P336,P336_gay_signal,gay_signal,tech,low,1,small,0.6363,0.0639,1
P337,P337_control,control,sales,low,0,medium,0.4476,0.0618,0
P337,P337_gay_signal,gay_signal,sales,low,0,medium,0.4476,0.0618,0
P338,P338_control,control,clerical,low,0,small,0.6620,0.0784,0
P338,P338_gay_signal,gay_signal,clerical,low,0,small,0.6620,0.0784,0
P339,P339_control,control,finance,middle,1,medium,0.4812,0.0723,0
P339,P339_gay_signal,gay_signal,finance,middle,1,medium,0.4812,0.0723,1
P340,P340_control,control,management,middle,1,medium,0.4924,0.0702,0
P340,P340_gay_signal,gay_signal,management,middle,1,medium,0.4924,0.0702,0
P341,P341_control,control,public,high,1,small,0.7657,0.1057,0
P341,P341_gay_signal,gay_signal,public,high,1,small,0.7657,0.1057,1
P342,P342_control,control,tech,high,1,large,0.6656,0.0700,1
P342,P342_gay_signal,gay_signal,tech,high,1,large,0.6656,0.0700,1
P343,P343_control,control,sales,low,0,small,0.7794,0.0735,1
P343,P343_gay_signal,gay_signal,sales,low,0,small,0.7794,0.0735,0
P344,P344_control,control,clerical,high,1,medium,0.6923,0.0583,0
P344,P344_gay_signal,gay_signal,clerical,high,1,medium,0.6923,0.0583,1
P345,P345_control,control,finance,high,1,small,0.5234,0.0902,1
P345,P345_gay_signal,gay_signal,finance,high,1,small,0.5234,0.0902,0
P346,P346_control,control,management,middle,0,medium,0.7553,0.0789,1
P346,P346_gay_signal,gay_signal,management,middle,0,medium,0.7553,0.0789,1
P347,P347_control,control,public,middle,1,small,0.4369,0.0614,0
P347,P347_gay_signal,gay_signal,public,middle,1,small,0.4369,0.0614,0
P348,P348_control,control,tech,low,0,large,0.6325,0.0606,0
P348,P348_gay_signal,gay_signal,tech,low,0,large,0.6325,0.0606,0
P349,P349_control,control,sales,low,0,small,0.4463,0.0874,0
P349,P349_gay_signal,gay_signal,sales,low,0,small,0.4463,0.0874,0
P350,P350_control,control,clerical,low,0,medium,0.6960,0.0835,0
P350,P350_gay_signal,gay_signal,clerical,low,0,medium,0.6960,0.0835,0
P351,P351_control,control,finance,low,0,small,0.6317,0.0435,0
P351,P351_gay_signal,gay_signal,finance,low,0,small,0.6317,0.0435,1
P352,P352_control,control,management,middle,0,small,0.6203,0.0592,0
P352,P352_gay_signal,gay_signal,management,middle,0,small,0.6203,0.0592,1
P353,P353_control,control,public,high,0,medium,0.6584,0.0678,1
P353,P353_gay_signal,gay_signal,public,high,0,medium,0.6584,0.0678,1
P354,P354_control,control,tech,low,0,large,0.7131,0.0478,1
P354,P354_gay_signal,gay_signal,tech,low,0,large,0.7131,0.0478,0
P355,P355_control,control,sales,low,1,small,0.6336,0.0500,1
P355,P355_gay_signal,gay_signal,sales,low,1,small,0.6336,0.0500,1
P356,P356_control,control,clerical,low,0,medium,0.4060,0.0625,1
P356,P356_gay_signal,gay_signal,clerical,low,0,medium,0.4060,0.0625,1
P357,P357_control,control,finance,middle,1,small,0.5513,0.0591,1
P357,P357_gay_signal,gay_signal,finance,middle,1,small,0.5513,0.0591,0
P358,P358_control,control,management,low,0,medium,0.7117,0.0781,1
P358,P358_gay_signal,gay_signal,management,low,0,medium,0.7117,0.0781,0
P359,P359_control,control,public,middle,0,medium,0.6079,0.0591,1
P359,P359_gay_signal,gay_signal,public,middle,0,medium,0.6079,0.0591,0
P360,P360_control,control,tech,low,0,medium,0.6795,0.0798,0
P360,P360_gay_signal,gay_signal,tech,low,0,medium,0.6795,0.0798,0
